Entity,Code,Date,people_vaccinated_per_hundred
Alabama,,2021-01-12,1.45
Alabama,,2021-01-13,1.53
Alabama,,2021-01-14,1.64
Alabama,,2021-01-15,1.77
Alabama,,2021-01-19,2.33
Alabama,,2021-01-20,2.47
Alabama,,2021-01-21,2.95
Alabama,,2021-01-22,3.56
Alabama,,2021-01-23,3.96
Alabama,,2021-01-24,4.36
Alabama,,2021-01-25,4.5
Alabama,,2021-01-26,4.57
Alabama,,2021-01-27,4.74
Alabama,,2021-01-28,4.92
Alabama,,2021-01-29,5.23
Alabama,,2021-01-30,5.88
Alabama,,2021-01-31,6.08
Alabama,,2021-02-01,6.15
Alabama,,2021-02-02,6.38
Alabama,,2021-02-03,6.63
Alabama,,2021-02-04,6.91
Alabama,,2021-02-05,7.21
Alabama,,2021-02-06,7.55
Alabama,,2021-02-07,7.66
Alabama,,2021-02-08,7.72
Alabama,,2021-02-09,8.06
Alabama,,2021-02-10,8.41
Alabama,,2021-02-11,8.8
Alabama,,2021-02-12,9.14
Alabama,,2021-02-13,9.53
Alabama,,2021-02-14,9.67
Alabama,,2021-02-16,9.92
Alabama,,2021-02-17,10.08
Alabama,,2021-02-18,10.31
Alabama,,2021-02-19,11.12
Alabama,,2021-02-20,11.44
Alabama,,2021-02-21,11.57
Alabama,,2021-02-22,11.63
Alabama,,2021-02-23,11.84
Alabama,,2021-02-24,12.05
Alabama,,2021-02-25,12.26
Alabama,,2021-02-26,12.5
Alabama,,2021-02-27,12.82
Alabama,,2021-02-28,12.95
Alabama,,2021-03-01,13.01
Alabama,,2021-03-02,13.21
Alabama,,2021-03-03,13.44
Alabama,,2021-03-04,13.72
Alabama,,2021-03-05,14.02
Alabama,,2021-03-06,14.35
Alabama,,2021-03-07,14.47
Alabama,,2021-03-08,14.95
Alabama,,2021-03-09,15.24
Alaska,,2021-01-12,3.07
Alaska,,2021-01-13,3.35
Alaska,,2021-01-14,4.85
Alaska,,2021-01-15,5.41
Alaska,,2021-01-19,7.58
Alaska,,2021-01-20,7.78
Alaska,,2021-01-21,8.13
Alaska,,2021-01-22,9.19
Alaska,,2021-01-23,9.98
Alaska,,2021-01-24,10.65
Alaska,,2021-01-25,10.97
Alaska,,2021-01-26,11.1
Alaska,,2021-01-27,11.4
Alaska,,2021-01-28,11.71
Alaska,,2021-01-29,12.12
Alaska,,2021-01-30,12.55
Alaska,,2021-01-31,12.97
Alaska,,2021-02-01,13.18
Alaska,,2021-02-02,13.27
Alaska,,2021-02-03,13.41
Alaska,,2021-02-04,13.61
Alaska,,2021-02-05,13.84
Alaska,,2021-02-06,14.1
Alaska,,2021-02-07,14.53
Alaska,,2021-02-08,15.02
Alaska,,2021-02-09,15.16
Alaska,,2021-02-10,15.37
Alaska,,2021-02-11,15.86
Alaska,,2021-02-12,16.16
Alaska,,2021-02-13,16.74
Alaska,,2021-02-14,17.28
Alaska,,2021-02-16,17.72
Alaska,,2021-02-17,17.87
Alaska,,2021-02-18,18.25
Alaska,,2021-02-19,19.67
Alaska,,2021-02-20,20.27
Alaska,,2021-02-21,20.83
Alaska,,2021-02-22,20.96
Alaska,,2021-02-23,21.1
Alaska,,2021-02-24,21.33
Alaska,,2021-02-25,21.67
Alaska,,2021-02-26,22.05
Alaska,,2021-02-27,22.34
Alaska,,2021-02-28,22.75
Alaska,,2021-03-01,22.93
Alaska,,2021-03-02,23.01
Alaska,,2021-03-03,23.27
Alaska,,2021-03-04,23.52
Alaska,,2021-03-05,23.81
Alaska,,2021-03-06,24.31
Alaska,,2021-03-07,24.68
Alaska,,2021-03-08,24.91
Alaska,,2021-03-09,25.28
American Samoa,ASM,2021-01-12,1.51
American Samoa,ASM,2021-01-13,2.14
American Samoa,ASM,2021-01-14,4.33
American Samoa,ASM,2021-01-15,5.65
American Samoa,ASM,2021-01-19,7.16
American Samoa,ASM,2021-01-20,8.04
American Samoa,ASM,2021-01-21,8.5
American Samoa,ASM,2021-01-22,10.1
American Samoa,ASM,2021-01-23,10.56
American Samoa,ASM,2021-01-24,12.74
American Samoa,ASM,2021-01-25,12.74
American Samoa,ASM,2021-01-26,13.23
American Samoa,ASM,2021-01-27,14.6
American Samoa,ASM,2021-01-28,14.6
American Samoa,ASM,2021-01-29,16.03
American Samoa,ASM,2021-01-30,16.03
American Samoa,ASM,2021-01-31,16.03
American Samoa,ASM,2021-02-01,17.44
American Samoa,ASM,2021-02-02,17.44
American Samoa,ASM,2021-02-03,17.52
American Samoa,ASM,2021-02-04,17.53
American Samoa,ASM,2021-02-05,17.55
American Samoa,ASM,2021-02-06,17.56
American Samoa,ASM,2021-02-07,17.56
American Samoa,ASM,2021-02-08,17.56
American Samoa,ASM,2021-02-09,17.58
American Samoa,ASM,2021-02-10,17.63
American Samoa,ASM,2021-02-11,17.64
American Samoa,ASM,2021-02-12,18.06
American Samoa,ASM,2021-02-13,18.07
American Samoa,ASM,2021-02-14,18.07
American Samoa,ASM,2021-02-16,18.38
American Samoa,ASM,2021-02-17,18.44
American Samoa,ASM,2021-02-18,18.44
American Samoa,ASM,2021-02-19,18.44
American Samoa,ASM,2021-02-20,19.45
American Samoa,ASM,2021-02-21,19.66
American Samoa,ASM,2021-02-22,19.71
American Samoa,ASM,2021-02-23,19.71
American Samoa,ASM,2021-02-24,21.08
American Samoa,ASM,2021-02-25,21.08
American Samoa,ASM,2021-02-26,22.04
American Samoa,ASM,2021-02-27,22.04
American Samoa,ASM,2021-02-28,22.04
American Samoa,ASM,2021-03-01,22.04
American Samoa,ASM,2021-03-02,23.25
American Samoa,ASM,2021-03-03,23.25
American Samoa,ASM,2021-03-04,24.04
American Samoa,ASM,2021-03-05,24.04
American Samoa,ASM,2021-03-06,24.04
American Samoa,ASM,2021-03-07,24.04
American Samoa,ASM,2021-03-08,24.19
American Samoa,ASM,2021-03-09,24.19
Arizona,,2021-01-12,1.31
Arizona,,2021-01-13,1.43
Arizona,,2021-01-14,2.16
Arizona,,2021-01-15,2.42
Arizona,,2021-01-19,3.23
Arizona,,2021-01-20,3.39
Arizona,,2021-01-21,3.6
Arizona,,2021-01-22,3.85
Arizona,,2021-01-23,4.2
Arizona,,2021-01-24,4.56
Arizona,,2021-01-25,4.82
Arizona,,2021-01-26,5.03
Arizona,,2021-01-27,5.35
Arizona,,2021-01-28,5.67
Arizona,,2021-01-29,6.04
Arizona,,2021-01-30,6.46
Arizona,,2021-01-31,6.88
Arizona,,2021-02-01,7.2
Arizona,,2021-02-02,7.34
Arizona,,2021-02-03,7.6
Arizona,,2021-02-04,7.88
Arizona,,2021-02-05,8.21
Arizona,,2021-02-06,8.65
Arizona,,2021-02-07,9.03
Arizona,,2021-02-08,9.32
Arizona,,2021-02-09,9.56
Arizona,,2021-02-10,9.88
Arizona,,2021-02-11,10.27
Arizona,,2021-02-12,10.72
Arizona,,2021-02-13,11.14
Arizona,,2021-02-14,11.54
Arizona,,2021-02-16,12.17
Arizona,,2021-02-17,12.27
Arizona,,2021-02-18,12.56
Arizona,,2021-02-19,14.24
Arizona,,2021-02-20,14.62
Arizona,,2021-02-21,14.95
Arizona,,2021-02-22,15.24
Arizona,,2021-02-23,15.41
Arizona,,2021-02-24,15.63
Arizona,,2021-02-25,15.98
Arizona,,2021-02-26,16.43
Arizona,,2021-02-27,16.81
Arizona,,2021-02-28,17.18
Arizona,,2021-03-01,17.52
Arizona,,2021-03-02,17.78
Arizona,,2021-03-03,17.97
Arizona,,2021-03-04,18.27
Arizona,,2021-03-05,18.64
Arizona,,2021-03-06,18.67
Arizona,,2021-03-07,19.53
Arizona,,2021-03-08,19.46
Arizona,,2021-03-09,19.72
Arkansas,,2021-01-12,1.3
Arkansas,,2021-01-13,2.67
Arkansas,,2021-01-14,2.99
Arkansas,,2021-01-15,3.24
Arkansas,,2021-01-19,3.94
Arkansas,,2021-01-20,4.8
Arkansas,,2021-01-21,4.8
Arkansas,,2021-01-22,5.56
Arkansas,,2021-01-23,5.56
Arkansas,,2021-01-24,5.94
Arkansas,,2021-01-25,6.15
Arkansas,,2021-01-26,6.52
Arkansas,,2021-01-27,6.94
Arkansas,,2021-01-28,6.94
Arkansas,,2021-01-29,7.34
Arkansas,,2021-01-30,7.75
Arkansas,,2021-01-31,8.11
Arkansas,,2021-02-01,8.28
Arkansas,,2021-02-02,8.35
Arkansas,,2021-02-03,8.49
Arkansas,,2021-02-04,8.83
Arkansas,,2021-02-05,9.09
Arkansas,,2021-02-06,9.61
Arkansas,,2021-02-07,9.95
Arkansas,,2021-02-08,10.09
Arkansas,,2021-02-09,10.14
Arkansas,,2021-02-10,10.32
Arkansas,,2021-02-11,10.5
Arkansas,,2021-02-12,10.79
Arkansas,,2021-02-13,10.94
Arkansas,,2021-02-14,11.22
Arkansas,,2021-02-16,11.39
Arkansas,,2021-02-17,11.44
Arkansas,,2021-02-18,11.49
Arkansas,,2021-02-19,12.03
Arkansas,,2021-02-20,12.09
Arkansas,,2021-02-21,12.18
Arkansas,,2021-02-22,12.27
Arkansas,,2021-02-23,12.35
Arkansas,,2021-02-24,12.53
Arkansas,,2021-02-25,12.74
Arkansas,,2021-02-26,13.06
Arkansas,,2021-02-27,13.42
Arkansas,,2021-02-28,13.87
Arkansas,,2021-03-01,14.07
Arkansas,,2021-03-02,14.27
Arkansas,,2021-03-03,14.62
Arkansas,,2021-03-04,14.95
Arkansas,,2021-03-05,15.35
Arkansas,,2021-03-06,15.76
Arkansas,,2021-03-07,16.15
Arkansas,,2021-03-08,16.39
Arkansas,,2021-03-09,16.62
California,,2021-01-12,1.78
California,,2021-01-13,1.88
California,,2021-01-14,2.03
California,,2021-01-15,2.19
California,,2021-01-19,3.03
California,,2021-01-20,3.18
California,,2021-01-21,3.38
California,,2021-01-22,3.74
California,,2021-01-23,4.21
California,,2021-01-24,4.65
California,,2021-01-25,4.95
California,,2021-01-26,5.2
California,,2021-01-27,5.46
California,,2021-01-28,5.77
California,,2021-01-29,6.11
California,,2021-01-30,6.49
California,,2021-01-31,6.88
California,,2021-02-01,7.24
California,,2021-02-02,7.44
California,,2021-02-03,7.71
California,,2021-02-04,7.81
California,,2021-02-05,8.17
California,,2021-02-06,8.58
California,,2021-02-07,9.25
California,,2021-02-08,9.65
California,,2021-02-09,9.82
California,,2021-02-10,10.11
California,,2021-02-11,10.4
California,,2021-02-12,10.69
California,,2021-02-13,11
California,,2021-02-14,11.37
California,,2021-02-16,11.92
California,,2021-02-17,12.06
California,,2021-02-18,12.31
California,,2021-02-19,13.06
California,,2021-02-20,13.38
California,,2021-02-21,13.73
California,,2021-02-22,13.93
California,,2021-02-23,14.1
California,,2021-02-24,14.3
California,,2021-02-25,14.54
California,,2021-02-26,14.86
California,,2021-02-27,15.2
California,,2021-02-28,15.57
California,,2021-03-01,15.96
California,,2021-03-02,16.53
California,,2021-03-03,16.89
California,,2021-03-04,17.09
California,,2021-03-05,17.41
California,,2021-03-06,17.94
California,,2021-03-07,18.27
California,,2021-03-08,18.52
California,,2021-03-09,18.73
Colorado,,2021-01-12,3.26
Colorado,,2021-01-13,3.44
Colorado,,2021-01-14,3.63
Colorado,,2021-01-15,3.89
Colorado,,2021-01-19,4.84
Colorado,,2021-01-20,4.99
Colorado,,2021-01-21,5.15
Colorado,,2021-01-22,5.44
Colorado,,2021-01-23,5.44
Colorado,,2021-01-24,6.17
Colorado,,2021-01-25,6.34
Colorado,,2021-01-26,6.46
Colorado,,2021-01-27,6.63
Colorado,,2021-01-28,6.84
Colorado,,2021-01-29,7.12
Colorado,,2021-01-30,7.35
Colorado,,2021-01-31,7.65
Colorado,,2021-02-01,7.91
Colorado,,2021-02-02,8.07
Colorado,,2021-02-03,8.21
Colorado,,2021-02-04,8.43
Colorado,,2021-02-05,8.6
Colorado,,2021-02-06,8.89
Colorado,,2021-02-07,9.18
Colorado,,2021-02-08,9.38
Colorado,,2021-02-09,9.41
Colorado,,2021-02-10,9.68
Colorado,,2021-02-11,9.92
Colorado,,2021-02-12,10.18
Colorado,,2021-02-13,10.58
Colorado,,2021-02-14,10.96
Colorado,,2021-02-16,11.93
Colorado,,2021-02-17,12.24
Colorado,,2021-02-18,12.58
Colorado,,2021-02-19,13.56
Colorado,,2021-02-20,13.91
Colorado,,2021-02-21,14.19
Colorado,,2021-02-22,14.44
Colorado,,2021-02-23,14.46
Colorado,,2021-02-24,14.71
Colorado,,2021-02-25,14.94
Colorado,,2021-02-26,15.22
Colorado,,2021-02-27,15.23
Colorado,,2021-02-28,15.65
Colorado,,2021-03-01,16.06
Colorado,,2021-03-02,16.25
Colorado,,2021-03-03,16.57
Colorado,,2021-03-04,16.88
Colorado,,2021-03-05,17.23
Colorado,,2021-03-06,17.71
Colorado,,2021-03-07,18.18
Colorado,,2021-03-08,18.19
Colorado,,2021-03-09,18.44
Connecticut,,2021-01-12,1.58
Connecticut,,2021-01-13,1.65
Connecticut,,2021-01-14,4.39
Connecticut,,2021-01-15,4.68
Connecticut,,2021-01-19,5.66
Connecticut,,2021-01-20,5.98
Connecticut,,2021-01-21,6.48
Connecticut,,2021-01-22,6.98
Connecticut,,2021-01-23,7.41
Connecticut,,2021-01-24,7.72
Connecticut,,2021-01-25,7.93
Connecticut,,2021-01-26,8.17
Connecticut,,2021-01-27,8.49
Connecticut,,2021-01-28,8.84
Connecticut,,2021-01-29,9.23
Connecticut,,2021-01-30,9.56
Connecticut,,2021-01-31,9.81
Connecticut,,2021-02-01,10.03
Connecticut,,2021-02-02,10.14
Connecticut,,2021-02-03,10.26
Connecticut,,2021-02-04,10.54
Connecticut,,2021-02-05,10.87
Connecticut,,2021-02-06,11.09
Connecticut,,2021-02-07,11.28
Connecticut,,2021-02-08,11.41
Connecticut,,2021-02-09,11.57
Connecticut,,2021-02-10,11.87
Connecticut,,2021-02-11,12.26
Connecticut,,2021-02-12,12.63
Connecticut,,2021-02-13,12.98
Connecticut,,2021-02-14,13.27
Connecticut,,2021-02-16,13.87
Connecticut,,2021-02-17,14.28
Connecticut,,2021-02-18,14.73
Connecticut,,2021-02-19,15.67
Connecticut,,2021-02-20,16.05
Connecticut,,2021-02-21,16.25
Connecticut,,2021-02-22,16.7
Connecticut,,2021-02-23,16.9
Connecticut,,2021-02-24,17.34
Connecticut,,2021-02-25,17.66
Connecticut,,2021-02-26,18.31
Connecticut,,2021-02-27,18.91
Connecticut,,2021-02-28,19.45
Connecticut,,2021-03-01,20.07
Connecticut,,2021-03-02,20.27
Connecticut,,2021-03-03,20.76
Connecticut,,2021-03-04,21.4
Connecticut,,2021-03-05,22.26
Connecticut,,2021-03-06,23.17
Connecticut,,2021-03-07,24.13
Connecticut,,2021-03-08,24.79
Connecticut,,2021-03-09,25.18
Delaware,,2021-01-12,1.63
Delaware,,2021-01-13,1.71
Delaware,,2021-01-14,2.63
Delaware,,2021-01-15,2.63
Delaware,,2021-01-19,3.66
Delaware,,2021-01-20,3.97
Delaware,,2021-01-21,4.3
Delaware,,2021-01-22,4.65
Delaware,,2021-01-23,5.08
Delaware,,2021-01-24,5.4
Delaware,,2021-01-25,5.66
Delaware,,2021-01-26,5.82
Delaware,,2021-01-27,6.67
Delaware,,2021-01-28,7.08
Delaware,,2021-01-29,7.46
Delaware,,2021-01-30,7.91
Delaware,,2021-01-31,8.52
Delaware,,2021-02-01,8.68
Delaware,,2021-02-02,8.74
Delaware,,2021-02-03,9.07
Delaware,,2021-02-04,9.21
Delaware,,2021-02-05,9.48
Delaware,,2021-02-06,9.75
Delaware,,2021-02-07,10.11
Delaware,,2021-02-08,10.35
Delaware,,2021-02-09,10.41
Delaware,,2021-02-10,10.61
Delaware,,2021-02-11,10.86
Delaware,,2021-02-12,11.1
Delaware,,2021-02-13,11.49
Delaware,,2021-02-14,11.77
Delaware,,2021-02-16,12.08
Delaware,,2021-02-17,12.19
Delaware,,2021-02-18,12.48
Delaware,,2021-02-19,13.43
Delaware,,2021-02-20,13.68
Delaware,,2021-02-21,13.68
Delaware,,2021-02-22,13.83
Delaware,,2021-02-23,13.88
Delaware,,2021-02-24,13.96
Delaware,,2021-02-25,14.15
Delaware,,2021-02-26,14.46
Delaware,,2021-02-27,14.78
Delaware,,2021-02-28,15.08
Delaware,,2021-03-01,15.25
Delaware,,2021-03-02,15.25
Delaware,,2021-03-03,15.7
Delaware,,2021-03-04,16.18
Delaware,,2021-03-05,16.62
Delaware,,2021-03-06,17.15
Delaware,,2021-03-07,17.81
Delaware,,2021-03-08,17.72
Delaware,,2021-03-09,17.87
District of Columbia,,2021-01-13,0.28
District of Columbia,,2021-01-14,4.24
District of Columbia,,2021-01-15,4.49
District of Columbia,,2021-01-19,5.63
District of Columbia,,2021-01-20,5.83
District of Columbia,,2021-01-21,6.15
District of Columbia,,2021-01-22,6.34
District of Columbia,,2021-01-23,6.67
District of Columbia,,2021-01-24,6.98
District of Columbia,,2021-01-25,7.21
District of Columbia,,2021-01-26,7.28
District of Columbia,,2021-01-27,7.59
District of Columbia,,2021-01-28,7.88
District of Columbia,,2021-01-29,8.1
District of Columbia,,2021-01-30,8.44
District of Columbia,,2021-01-31,8.75
District of Columbia,,2021-02-01,8.96
District of Columbia,,2021-02-02,9.1
District of Columbia,,2021-02-03,9.24
District of Columbia,,2021-02-04,9.44
District of Columbia,,2021-02-05,9.92
District of Columbia,,2021-02-06,10.18
District of Columbia,,2021-02-07,10.42
District of Columbia,,2021-02-08,10.68
District of Columbia,,2021-02-09,10.68
District of Columbia,,2021-02-10,10.68
District of Columbia,,2021-02-11,11.3
District of Columbia,,2021-02-12,11.44
District of Columbia,,2021-02-13,11.58
District of Columbia,,2021-02-14,12.01
District of Columbia,,2021-02-16,12.36
District of Columbia,,2021-02-17,12.51
District of Columbia,,2021-02-18,12.6
District of Columbia,,2021-02-19,15.12
District of Columbia,,2021-02-20,15.27
District of Columbia,,2021-02-21,15.45
District of Columbia,,2021-02-22,15.53
District of Columbia,,2021-02-23,15.72
District of Columbia,,2021-02-24,16.04
District of Columbia,,2021-02-25,16.21
District of Columbia,,2021-02-26,16.44
District of Columbia,,2021-02-27,17.08
District of Columbia,,2021-02-28,18.1
District of Columbia,,2021-03-01,18.3
District of Columbia,,2021-03-02,18.38
District of Columbia,,2021-03-03,18.63
District of Columbia,,2021-03-04,19.17
District of Columbia,,2021-03-05,19.54
District of Columbia,,2021-03-06,19.98
District of Columbia,,2021-03-07,20.48
District of Columbia,,2021-03-08,14.25
District of Columbia,,2021-03-09,14.51
Federated States of Micronesia,,2021-01-12,0.4
Federated States of Micronesia,,2021-01-13,0.54
Federated States of Micronesia,,2021-01-14,0.58
Federated States of Micronesia,,2021-01-15,0.67
Federated States of Micronesia,,2021-01-19,1.38
Federated States of Micronesia,,2021-01-20,1.69
Federated States of Micronesia,,2021-01-21,2.01
Federated States of Micronesia,,2021-01-22,2.42
Federated States of Micronesia,,2021-01-23,2.65
Federated States of Micronesia,,2021-01-24,2.65
Federated States of Micronesia,,2021-01-25,2.66
Federated States of Micronesia,,2021-01-26,2.87
Federated States of Micronesia,,2021-01-27,3.1
Federated States of Micronesia,,2021-01-28,3.35
Federated States of Micronesia,,2021-01-29,3.79
Federated States of Micronesia,,2021-01-30,3.79
Federated States of Micronesia,,2021-01-31,3.79
Federated States of Micronesia,,2021-02-01,4.89
Federated States of Micronesia,,2021-02-02,5.48
Federated States of Micronesia,,2021-02-03,5.99
Federated States of Micronesia,,2021-02-04,6.41
Federated States of Micronesia,,2021-02-05,6.7
Federated States of Micronesia,,2021-02-06,6.98
Federated States of Micronesia,,2021-02-07,7.05
Federated States of Micronesia,,2021-02-08,7.05
Federated States of Micronesia,,2021-02-09,7.28
Federated States of Micronesia,,2021-02-10,7.47
Federated States of Micronesia,,2021-02-11,7.71
Federated States of Micronesia,,2021-02-12,7.98
Federated States of Micronesia,,2021-02-13,8.14
Federated States of Micronesia,,2021-02-14,8.2
Federated States of Micronesia,,2021-02-16,8.51
Federated States of Micronesia,,2021-02-17,8.8
Federated States of Micronesia,,2021-02-18,8.99
Federated States of Micronesia,,2021-02-19,9.14
Federated States of Micronesia,,2021-02-20,9.14
Federated States of Micronesia,,2021-02-21,9.37
Federated States of Micronesia,,2021-02-22,9.37
Federated States of Micronesia,,2021-02-23,9.37
Federated States of Micronesia,,2021-02-24,9.7
Federated States of Micronesia,,2021-02-25,9.84
Federated States of Micronesia,,2021-02-26,9.94
Federated States of Micronesia,,2021-02-27,10.12
Federated States of Micronesia,,2021-02-28,10.14
Federated States of Micronesia,,2021-03-01,10.15
Federated States of Micronesia,,2021-03-02,10.3
Federated States of Micronesia,,2021-03-03,10.39
Federated States of Micronesia,,2021-03-04,10.43
Federated States of Micronesia,,2021-03-05,10.63
Federated States of Micronesia,,2021-03-06,10.78
Federated States of Micronesia,,2021-03-07,10.85
Federated States of Micronesia,,2021-03-08,10.96
Federated States of Micronesia,,2021-03-09,11.1
Florida,,2021-01-12,2.73
Florida,,2021-01-13,3.01
Florida,,2021-01-14,3.3
Florida,,2021-01-15,3.62
Florida,,2021-01-19,4.98
Florida,,2021-01-20,5.24
Florida,,2021-01-21,5.24
Florida,,2021-01-22,5.53
Florida,,2021-01-23,6.21
Florida,,2021-01-24,6.45
Florida,,2021-01-25,6.45
Florida,,2021-01-26,6.58
Florida,,2021-01-27,6.76
Florida,,2021-01-28,6.97
Florida,,2021-01-29,7.24
Florida,,2021-01-30,7.5
Florida,,2021-01-31,7.71
Florida,,2021-02-01,7.84
Florida,,2021-02-02,7.97
Florida,,2021-02-03,8.16
Florida,,2021-02-04,8.35
Florida,,2021-02-05,8.44
Florida,,2021-02-06,8.68
Florida,,2021-02-07,9.15
Florida,,2021-02-08,9.15
Florida,,2021-02-09,9.42
Florida,,2021-02-10,9.61
Florida,,2021-02-11,9.86
Florida,,2021-02-12,10.41
Florida,,2021-02-13,10.73
Florida,,2021-02-14,11.02
Florida,,2021-02-16,11.37
Florida,,2021-02-17,11.63
Florida,,2021-02-18,11.93
Florida,,2021-02-19,13
Florida,,2021-02-20,13.02
Florida,,2021-02-21,13.4
Florida,,2021-02-22,13.4
Florida,,2021-02-23,13.43
Florida,,2021-02-24,13.67
Florida,,2021-02-25,13.89
Florida,,2021-02-26,14.12
Florida,,2021-02-27,14.41
Florida,,2021-02-28,15.01
Florida,,2021-03-01,15.02
Florida,,2021-03-02,15.1
Florida,,2021-03-03,15.36
Florida,,2021-03-04,15.79
Florida,,2021-03-05,16.21
Florida,,2021-03-06,16.96
Florida,,2021-03-07,17.62
Florida,,2021-03-08,17.31
Florida,,2021-03-09,17.51
Georgia,GEO,2021-01-12,0.8
Georgia,GEO,2021-01-13,0.81
Georgia,GEO,2021-01-14,1.92
Georgia,GEO,2021-01-15,1.92
Georgia,GEO,2021-01-19,2.62
Georgia,GEO,2021-01-20,3.35
Georgia,GEO,2021-01-21,3.83
Georgia,GEO,2021-01-22,5.03
Georgia,GEO,2021-01-23,5.03
Georgia,GEO,2021-01-24,5.03
Georgia,GEO,2021-01-25,5.03
Georgia,GEO,2021-01-26,5.57
Georgia,GEO,2021-01-27,5.87
Georgia,GEO,2021-01-28,6.21
Georgia,GEO,2021-01-29,6.53
Georgia,GEO,2021-01-30,6.87
Georgia,GEO,2021-01-31,7.22
Georgia,GEO,2021-02-01,7.4
Georgia,GEO,2021-02-02,7.44
Georgia,GEO,2021-02-03,7.66
Georgia,GEO,2021-02-04,7.86
Georgia,GEO,2021-02-05,8.11
Georgia,GEO,2021-02-06,8.36
Georgia,GEO,2021-02-07,8.59
Georgia,GEO,2021-02-08,8.7
Georgia,GEO,2021-02-09,8.73
Georgia,GEO,2021-02-10,8.91
Georgia,GEO,2021-02-11,9.11
Georgia,GEO,2021-02-12,9.11
Georgia,GEO,2021-02-13,9.3
Georgia,GEO,2021-02-14,9.68
Georgia,GEO,2021-02-16,9.8
Georgia,GEO,2021-02-17,9.8
Georgia,GEO,2021-02-18,10.11
Georgia,GEO,2021-02-19,10.91
Georgia,GEO,2021-02-20,11.13
Georgia,GEO,2021-02-21,11.32
Georgia,GEO,2021-02-22,11.4
Georgia,GEO,2021-02-23,11.43
Georgia,GEO,2021-02-24,11.54
Georgia,GEO,2021-02-25,11.69
Georgia,GEO,2021-02-26,11.88
Georgia,GEO,2021-02-27,12.07
Georgia,GEO,2021-02-28,12.07
Georgia,GEO,2021-03-01,12.08
Georgia,GEO,2021-03-02,12.16
Georgia,GEO,2021-03-03,12.33
Georgia,GEO,2021-03-04,12.56
Georgia,GEO,2021-03-05,12.82
Georgia,GEO,2021-03-06,13.09
Georgia,GEO,2021-03-07,13.38
Georgia,GEO,2021-03-08,13.3
Georgia,GEO,2021-03-09,13.38
Guam,GUM,2021-01-12,0.24
Guam,GUM,2021-01-13,0.24
Guam,GUM,2021-01-14,2.28
Guam,GUM,2021-01-15,2.28
Guam,GUM,2021-01-19,2.28
Guam,GUM,2021-01-20,2.28
Guam,GUM,2021-01-21,2.28
Guam,GUM,2021-01-22,2.28
Guam,GUM,2021-01-23,2.28
Guam,GUM,2021-01-24,2.28
Guam,GUM,2021-01-25,2.28
Guam,GUM,2021-01-26,8.07
Guam,GUM,2021-01-27,8.61
Guam,GUM,2021-01-28,9.29
Guam,GUM,2021-01-29,10.1
Guam,GUM,2021-01-30,10.73
Guam,GUM,2021-01-31,10.73
Guam,GUM,2021-02-01,11.18
Guam,GUM,2021-02-02,11.88
Guam,GUM,2021-02-03,12.54
Guam,GUM,2021-02-04,12.54
Guam,GUM,2021-02-05,13.19
Guam,GUM,2021-02-06,13.99
Guam,GUM,2021-02-07,14.22
Guam,GUM,2021-02-08,14.29
Guam,GUM,2021-02-09,14.73
Guam,GUM,2021-02-10,15.27
Guam,GUM,2021-02-11,15.7
Guam,GUM,2021-02-12,16.11
Guam,GUM,2021-02-13,16.5
Guam,GUM,2021-02-14,16.68
Guam,GUM,2021-02-16,16.86
Guam,GUM,2021-02-17,17.17
Guam,GUM,2021-02-18,17.53
Guam,GUM,2021-02-19,18.96
Guam,GUM,2021-02-20,19.27
Guam,GUM,2021-02-21,19.32
Guam,GUM,2021-02-22,19.54
Guam,GUM,2021-02-23,19.79
Guam,GUM,2021-02-24,20.02
Guam,GUM,2021-02-25,20.32
Guam,GUM,2021-02-26,20.33
Guam,GUM,2021-02-27,20.64
Guam,GUM,2021-02-28,20.81
Guam,GUM,2021-03-01,20.81
Guam,GUM,2021-03-02,20.84
Guam,GUM,2021-03-03,20.85
Guam,GUM,2021-03-04,21.08
Guam,GUM,2021-03-05,21.16
Guam,GUM,2021-03-06,21.19
Guam,GUM,2021-03-07,21.19
Guam,GUM,2021-03-08,21.21
Guam,GUM,2021-03-09,21.52
Hawaii,,2021-01-15,2.8
Hawaii,,2021-01-19,3.72
Hawaii,,2021-01-20,4.1
Hawaii,,2021-01-21,4.47
Hawaii,,2021-01-22,4.8
Hawaii,,2021-01-23,4.8
Hawaii,,2021-01-24,4.8
Hawaii,,2021-01-25,5.25
Hawaii,,2021-01-26,5.36
Hawaii,,2021-01-27,5.59
Hawaii,,2021-01-28,5.94
Hawaii,,2021-01-29,6.32
Hawaii,,2021-01-30,6.83
Hawaii,,2021-01-31,7.3
Hawaii,,2021-02-01,7.68
Hawaii,,2021-02-02,7.82
Hawaii,,2021-02-03,8.15
Hawaii,,2021-02-04,8.51
Hawaii,,2021-02-05,8.95
Hawaii,,2021-02-06,9.37
Hawaii,,2021-02-07,9.69
Hawaii,,2021-02-08,10.05
Hawaii,,2021-02-09,10.05
Hawaii,,2021-02-10,10.05
Hawaii,,2021-02-11,10.64
Hawaii,,2021-02-12,10.94
Hawaii,,2021-02-13,11.27
Hawaii,,2021-02-14,11.51
Hawaii,,2021-02-16,11.9
Hawaii,,2021-02-17,12.07
Hawaii,,2021-02-18,12.3
Hawaii,,2021-02-19,14.85
Hawaii,,2021-02-20,15.22
Hawaii,,2021-02-21,15.53
Hawaii,,2021-02-22,15.81
Hawaii,,2021-02-23,15.88
Hawaii,,2021-02-24,16.03
Hawaii,,2021-02-25,16.36
Hawaii,,2021-02-26,16.69
Hawaii,,2021-02-27,17.05
Hawaii,,2021-02-28,17.4
Hawaii,,2021-03-01,17.58
Hawaii,,2021-03-02,17.63
Hawaii,,2021-03-03,17.79
Hawaii,,2021-03-04,18.17
Hawaii,,2021-03-05,18.57
Hawaii,,2021-03-06,19.03
Hawaii,,2021-03-07,19.07
Hawaii,,2021-03-08,19.84
Hawaii,,2021-03-09,20.28
Idaho,,2021-01-12,1.76
Idaho,,2021-01-13,1.86
Idaho,,2021-01-14,1.97
Idaho,,2021-01-15,2.11
Idaho,,2021-01-19,3
Idaho,,2021-01-20,3.26
Idaho,,2021-01-21,3.42
Idaho,,2021-01-22,3.6
Idaho,,2021-01-23,3.82
Idaho,,2021-01-24,4.05
Idaho,,2021-01-25,4.26
Idaho,,2021-01-26,4.39
Idaho,,2021-01-27,4.52
Idaho,,2021-01-28,4.78
Idaho,,2021-01-29,4.98
Idaho,,2021-01-30,5.24
Idaho,,2021-01-31,5.5
Idaho,,2021-02-01,5.65
Idaho,,2021-02-02,5.76
Idaho,,2021-02-03,6
Idaho,,2021-02-04,6.33
Idaho,,2021-02-05,6.72
Idaho,,2021-02-06,7.49
Idaho,,2021-02-07,7.89
Idaho,,2021-02-08,8.35
Idaho,,2021-02-09,8.47
Idaho,,2021-02-10,8.69
Idaho,,2021-02-11,8.94
Idaho,,2021-02-12,8.94
Idaho,,2021-02-13,9.17
Idaho,,2021-02-14,9.76
Idaho,,2021-02-16,10.5
Idaho,,2021-02-17,10.69
Idaho,,2021-02-18,10.95
Idaho,,2021-02-19,11.84
Idaho,,2021-02-20,12.1
Idaho,,2021-02-21,12.44
Idaho,,2021-02-22,12.71
Idaho,,2021-02-23,12.83
Idaho,,2021-02-24,12.96
Idaho,,2021-02-25,13.2
Idaho,,2021-02-26,13.46
Idaho,,2021-02-27,13.81
Idaho,,2021-02-28,14.19
Idaho,,2021-03-01,14.56
Idaho,,2021-03-02,14.72
Idaho,,2021-03-03,14.97
Idaho,,2021-03-04,15.22
Idaho,,2021-03-05,15.63
Idaho,,2021-03-06,16.05
Idaho,,2021-03-07,16.41
Idaho,,2021-03-08,16.82
Idaho,,2021-03-09,17.01
Illinois,,2021-01-12,2.24
Illinois,,2021-01-13,2.3
Illinois,,2021-01-14,2.5
Illinois,,2021-01-15,2.7
Illinois,,2021-01-19,3.27
Illinois,,2021-01-20,3.36
Illinois,,2021-01-21,3.57
Illinois,,2021-01-22,3.79
Illinois,,2021-01-23,4.09
Illinois,,2021-01-24,4.39
Illinois,,2021-01-25,4.56
Illinois,,2021-01-26,4.66
Illinois,,2021-01-27,4.82
Illinois,,2021-01-28,5.08
Illinois,,2021-01-29,5.41
Illinois,,2021-01-30,5.78
Illinois,,2021-01-31,6.17
Illinois,,2021-02-01,6.45
Illinois,,2021-02-02,6.56
Illinois,,2021-02-03,6.78
Illinois,,2021-02-04,7.15
Illinois,,2021-02-05,7.59
Illinois,,2021-02-06,8.12
Illinois,,2021-02-07,8.57
Illinois,,2021-02-08,8.93
Illinois,,2021-02-09,9.06
Illinois,,2021-02-10,9.45
Illinois,,2021-02-11,9.81
Illinois,,2021-02-12,10.22
Illinois,,2021-02-13,10.77
Illinois,,2021-02-14,11.22
Illinois,,2021-02-16,11.83
Illinois,,2021-02-17,12.09
Illinois,,2021-02-18,12.29
Illinois,,2021-02-19,13
Illinois,,2021-02-20,13.4
Illinois,,2021-02-21,13.75
Illinois,,2021-02-22,13.81
Illinois,,2021-02-23,14.1
Illinois,,2021-02-24,14.29
Illinois,,2021-02-25,14.52
Illinois,,2021-02-26,15.05
Illinois,,2021-02-27,15.37
Illinois,,2021-02-28,15.69
Illinois,,2021-03-01,16.01
Illinois,,2021-03-02,16.25
Illinois,,2021-03-03,16.51
Illinois,,2021-03-04,16.85
Illinois,,2021-03-05,17.25
Illinois,,2021-03-06,17.81
Illinois,,2021-03-07,18.37
Illinois,,2021-03-08,18.93
Illinois,,2021-03-09,19.06
Indian Health Svc,,2021-02-17,13.88
Indian Health Svc,,2021-02-18,14.24
Indian Health Svc,,2021-02-19,14.06
Indian Health Svc,,2021-02-20,14.19
Indian Health Svc,,2021-02-21,14.64
Indian Health Svc,,2021-02-22,15.09
Indian Health Svc,,2021-02-23,15.52
Indian Health Svc,,2021-02-24,15.91
Indian Health Svc,,2021-02-25,16.47
Indian Health Svc,,2021-02-26,17.2
Indian Health Svc,,2021-02-27,17.77
Indian Health Svc,,2021-02-28,18.27
Indian Health Svc,,2021-03-01,18.66
Indian Health Svc,,2021-03-02,18.85
Indian Health Svc,,2021-03-03,19.11
Indian Health Svc,,2021-03-04,19.55
Indian Health Svc,,2021-03-05,20
Indian Health Svc,,2021-03-06,20.52
Indian Health Svc,,2021-03-07,20.88
Indian Health Svc,,2021-03-08,21.12
Indian Health Svc,,2021-03-09,21.23
Indiana,,2021-01-12,1.7
Indiana,,2021-01-13,1.87
Indiana,,2021-01-14,3.03
Indiana,,2021-01-15,3.31
Indiana,,2021-01-19,4.22
Indiana,,2021-01-20,4.42
Indiana,,2021-01-21,4.76
Indiana,,2021-01-22,5.05
Indiana,,2021-01-23,5.47
Indiana,,2021-01-24,5.47
Indiana,,2021-01-25,6.06
Indiana,,2021-01-26,6.15
Indiana,,2021-01-27,6.43
Indiana,,2021-01-28,6.75
Indiana,,2021-01-29,7.07
Indiana,,2021-01-30,7.36
Indiana,,2021-01-31,7.36
Indiana,,2021-02-01,7.36
Indiana,,2021-02-02,7.42
Indiana,,2021-02-03,7.68
Indiana,,2021-02-04,8.04
Indiana,,2021-02-05,8.44
Indiana,,2021-02-06,8.81
Indiana,,2021-02-07,8.81
Indiana,,2021-02-08,8.81
Indiana,,2021-02-09,8.89
Indiana,,2021-02-10,9.18
Indiana,,2021-02-11,9.46
Indiana,,2021-02-12,9.8
Indiana,,2021-02-13,11.14
Indiana,,2021-02-14,11.44
Indiana,,2021-02-16,11.69
Indiana,,2021-02-17,11.85
Indiana,,2021-02-18,11.94
Indiana,,2021-02-19,12.5
Indiana,,2021-02-20,12.76
Indiana,,2021-02-21,12.98
Indiana,,2021-02-22,13.13
Indiana,,2021-02-23,13.19
Indiana,,2021-02-24,13.54
Indiana,,2021-02-25,14.06
Indiana,,2021-02-26,14.35
Indiana,,2021-02-27,14.67
Indiana,,2021-02-28,14.93
Indiana,,2021-03-01,15.09
Indiana,,2021-03-02,15.17
Indiana,,2021-03-03,15.39
Indiana,,2021-03-04,15.65
Indiana,,2021-03-05,16.03
Indiana,,2021-03-06,16.43
Indiana,,2021-03-07,16.78
Indiana,,2021-03-08,17.12
Indiana,,2021-03-09,17.26
Iowa,,2021-01-12,2.91
Iowa,,2021-01-13,3.23
Iowa,,2021-01-14,3.2
Iowa,,2021-01-15,3.42
Iowa,,2021-01-19,4.12
Iowa,,2021-01-20,4.23
Iowa,,2021-01-21,4.42
Iowa,,2021-01-22,4.62
Iowa,,2021-01-23,4.79
Iowa,,2021-01-24,5
Iowa,,2021-01-25,5.12
Iowa,,2021-01-26,5.16
Iowa,,2021-01-27,5.24
Iowa,,2021-01-28,5.37
Iowa,,2021-01-29,5.54
Iowa,,2021-01-30,5.79
Iowa,,2021-01-31,6.04
Iowa,,2021-02-01,6.15
Iowa,,2021-02-02,6.19
Iowa,,2021-02-03,6.31
Iowa,,2021-02-04,6.55
Iowa,,2021-02-05,6.84
Iowa,,2021-02-06,7.11
Iowa,,2021-02-07,7.53
Iowa,,2021-02-08,8
Iowa,,2021-02-09,8.16
Iowa,,2021-02-10,8.53
Iowa,,2021-02-11,8.96
Iowa,,2021-02-12,9.48
Iowa,,2021-02-13,10.07
Iowa,,2021-02-14,10.64
Iowa,,2021-02-16,11.42
Iowa,,2021-02-17,11.65
Iowa,,2021-02-18,11.98
Iowa,,2021-02-19,13.06
Iowa,,2021-02-20,13.64
Iowa,,2021-02-21,14.13
Iowa,,2021-02-22,14.41
Iowa,,2021-02-23,14.5
Iowa,,2021-02-24,14.66
Iowa,,2021-02-25,14.87
Iowa,,2021-02-26,15.44
Iowa,,2021-02-27,16.22
Iowa,,2021-02-28,16.82
Iowa,,2021-03-01,17.21
Iowa,,2021-03-02,17.33
Iowa,,2021-03-03,17.54
Iowa,,2021-03-04,17.86
Iowa,,2021-03-05,18.32
Iowa,,2021-03-06,19.13
Iowa,,2021-03-07,19.89
Iowa,,2021-03-08,20.53
Iowa,,2021-03-09,20.71
Kansas,,2021-01-12,1.85
Kansas,,2021-01-13,2.01
Kansas,,2021-01-14,2.66
Kansas,,2021-01-15,2.86
Kansas,,2021-01-19,3.5
Kansas,,2021-01-20,3.63
Kansas,,2021-01-21,3.84
Kansas,,2021-01-22,4
Kansas,,2021-01-23,4.22
Kansas,,2021-01-24,4.37
Kansas,,2021-01-25,4.46
Kansas,,2021-01-26,4.54
Kansas,,2021-01-27,4.83
Kansas,,2021-01-28,5.41
Kansas,,2021-01-29,5.41
Kansas,,2021-01-30,5.78
Kansas,,2021-01-31,6.18
Kansas,,2021-02-01,6.28
Kansas,,2021-02-02,6.35
Kansas,,2021-02-03,6.59
Kansas,,2021-02-04,6.81
Kansas,,2021-02-05,7.11
Kansas,,2021-02-06,7.49
Kansas,,2021-02-07,7.85
Kansas,,2021-02-08,7.98
Kansas,,2021-02-09,8.01
Kansas,,2021-02-10,8.28
Kansas,,2021-02-11,8.55
Kansas,,2021-02-12,8.97
Kansas,,2021-02-13,9.39
Kansas,,2021-02-14,9.87
Kansas,,2021-02-16,10.01
Kansas,,2021-02-17,10.16
Kansas,,2021-02-18,10.37
Kansas,,2021-02-19,11.47
Kansas,,2021-02-20,11.88
Kansas,,2021-02-21,12.25
Kansas,,2021-02-22,12.33
Kansas,,2021-02-23,12.39
Kansas,,2021-02-24,12.63
Kansas,,2021-02-25,12.81
Kansas,,2021-02-26,13.17
Kansas,,2021-02-27,13.54
Kansas,,2021-02-28,14.02
Kansas,,2021-03-01,14.32
Kansas,,2021-03-02,14.46
Kansas,,2021-03-03,14.75
Kansas,,2021-03-04,15.09
Kansas,,2021-03-05,15.56
Kansas,,2021-03-06,16.1
Kansas,,2021-03-07,16.66
Kansas,,2021-03-08,17.68
Kansas,,2021-03-09,17.89
Kentucky,,2021-01-12,2.29
Kentucky,,2021-01-13,2.49
Kentucky,,2021-01-14,3.25
Kentucky,,2021-01-15,3.64
Kentucky,,2021-01-19,4.51
Kentucky,,2021-01-20,4.67
Kentucky,,2021-01-21,4.88
Kentucky,,2021-01-22,5.15
Kentucky,,2021-01-23,5.45
Kentucky,,2021-01-24,6.01
Kentucky,,2021-01-25,6.17
Kentucky,,2021-01-26,6.26
Kentucky,,2021-01-27,6.39
Kentucky,,2021-01-28,6.65
Kentucky,,2021-01-29,6.99
Kentucky,,2021-01-30,7.27
Kentucky,,2021-01-31,7.56
Kentucky,,2021-02-01,7.78
Kentucky,,2021-02-02,7.85
Kentucky,,2021-02-03,8.06
Kentucky,,2021-02-04,8.33
Kentucky,,2021-02-05,8.68
Kentucky,,2021-02-06,9.11
Kentucky,,2021-02-07,9.47
Kentucky,,2021-02-08,9.72
Kentucky,,2021-02-09,9.76
Kentucky,,2021-02-10,9.91
Kentucky,,2021-02-11,10.17
Kentucky,,2021-02-12,10.48
Kentucky,,2021-02-13,10.62
Kentucky,,2021-02-14,10.93
Kentucky,,2021-02-16,11.42
Kentucky,,2021-02-17,11.52
Kentucky,,2021-02-18,11.58
Kentucky,,2021-02-19,12.26
Kentucky,,2021-02-20,12.46
Kentucky,,2021-02-21,12.68
Kentucky,,2021-02-22,12.85
Kentucky,,2021-02-23,12.97
Kentucky,,2021-02-24,13.25
Kentucky,,2021-02-25,13.65
Kentucky,,2021-02-26,14.15
Kentucky,,2021-02-27,14.66
Kentucky,,2021-02-28,15.1
Kentucky,,2021-03-01,15.48
Kentucky,,2021-03-02,15.73
Kentucky,,2021-03-03,16.02
Kentucky,,2021-03-04,16.51
Kentucky,,2021-03-05,17.19
Kentucky,,2021-03-06,17.89
Kentucky,,2021-03-07,18.5
Kentucky,,2021-03-08,19.41
Kentucky,,2021-03-09,19.54
Louisiana,,2021-01-12,2.52
Louisiana,,2021-01-13,2.73
Louisiana,,2021-01-14,3.21
Louisiana,,2021-01-15,3.6
Louisiana,,2021-01-19,4.76
Louisiana,,2021-01-20,4.92
Louisiana,,2021-01-21,5.18
Louisiana,,2021-01-22,5.52
Louisiana,,2021-01-23,5.86
Louisiana,,2021-01-24,6.26
Louisiana,,2021-01-25,6.4
Louisiana,,2021-01-26,6.49
Louisiana,,2021-01-27,6.69
Louisiana,,2021-01-28,6.96
Louisiana,,2021-01-29,7.3
Louisiana,,2021-01-30,7.64
Louisiana,,2021-01-31,7.95
Louisiana,,2021-02-01,8.1
Louisiana,,2021-02-02,8.14
Louisiana,,2021-02-03,8.26
Louisiana,,2021-02-04,8.46
Louisiana,,2021-02-05,8.69
Louisiana,,2021-02-06,9.02
Louisiana,,2021-02-07,9.27
Louisiana,,2021-02-08,9.38
Louisiana,,2021-02-09,9.43
Louisiana,,2021-02-10,9.64
Louisiana,,2021-02-11,9.64
Louisiana,,2021-02-12,10.37
Louisiana,,2021-02-13,10.78
Louisiana,,2021-02-14,11.16
Louisiana,,2021-02-16,11.36
Louisiana,,2021-02-17,11.43
Louisiana,,2021-02-18,11.49
Louisiana,,2021-02-19,12.32
Louisiana,,2021-02-20,12.53
Louisiana,,2021-02-21,12.71
Louisiana,,2021-02-22,12.79
Louisiana,,2021-02-23,12.82
Louisiana,,2021-02-24,12.94
Louisiana,,2021-02-25,13.13
Louisiana,,2021-02-26,13.49
Louisiana,,2021-02-27,13.98
Louisiana,,2021-02-28,14.49
Louisiana,,2021-03-01,14.81
Louisiana,,2021-03-02,14.93
Louisiana,,2021-03-03,15.26
Louisiana,,2021-03-04,15.67
Louisiana,,2021-03-05,16.17
Louisiana,,2021-03-06,16.17
Louisiana,,2021-03-07,16.18
Louisiana,,2021-03-08,17.33
Louisiana,,2021-03-09,17.45
Maine,,2021-01-12,2.83
Maine,,2021-01-13,2.91
Maine,,2021-01-14,3.84
Maine,,2021-01-15,3.84
Maine,,2021-01-19,4.67
Maine,,2021-01-20,4.78
Maine,,2021-01-21,4.99
Maine,,2021-01-22,5.22
Maine,,2021-01-23,5.51
Maine,,2021-01-24,5.9
Maine,,2021-01-25,6.16
Maine,,2021-01-26,6.21
Maine,,2021-01-27,6.41
Maine,,2021-01-28,6.61
Maine,,2021-01-29,6.96
Maine,,2021-01-30,7.4
Maine,,2021-01-31,7.86
Maine,,2021-02-01,8.18
Maine,,2021-02-02,8.18
Maine,,2021-02-03,8.18
Maine,,2021-02-04,8.55
Maine,,2021-02-05,8.85
Maine,,2021-02-06,9.38
Maine,,2021-02-07,9.84
Maine,,2021-02-08,9.84
Maine,,2021-02-09,10.27
Maine,,2021-02-10,10.55
Maine,,2021-02-11,10.55
Maine,,2021-02-12,10.55
Maine,,2021-02-13,10.55
Maine,,2021-02-14,10.55
Maine,,2021-02-16,12.79
Maine,,2021-02-17,12.98
Maine,,2021-02-18,12.98
Maine,,2021-02-19,14.15
Maine,,2021-02-20,14.16
Maine,,2021-02-21,14.17
Maine,,2021-02-22,15.21
Maine,,2021-02-23,15.32
Maine,,2021-02-24,15.52
Maine,,2021-02-25,15.53
Maine,,2021-02-26,15.53
Maine,,2021-02-27,16.66
Maine,,2021-02-28,16.69
Maine,,2021-03-01,16.76
Maine,,2021-03-02,16.78
Maine,,2021-03-03,16.79
Maine,,2021-03-04,16.79
Maine,,2021-03-05,18.9
Maine,,2021-03-06,19.61
Maine,,2021-03-07,19.67
Maine,,2021-03-08,21.4
Maine,,2021-03-09,21.61
Marshall Islands,MHL,2021-01-12,1.07
Marshall Islands,MHL,2021-01-13,1.08
Marshall Islands,MHL,2021-01-14,1.07
Marshall Islands,MHL,2021-01-15,1.08
Marshall Islands,MHL,2021-01-19,2.14
Marshall Islands,MHL,2021-01-20,2.54
Marshall Islands,MHL,2021-01-21,3.35
Marshall Islands,MHL,2021-01-22,4.12
Marshall Islands,MHL,2021-01-23,4.86
Marshall Islands,MHL,2021-01-24,5.25
Marshall Islands,MHL,2021-01-25,5.25
Marshall Islands,MHL,2021-01-26,5.56
Marshall Islands,MHL,2021-01-27,5.97
Marshall Islands,MHL,2021-01-28,6.15
Marshall Islands,MHL,2021-01-29,6.27
Marshall Islands,MHL,2021-01-30,6.37
Marshall Islands,MHL,2021-01-31,6.44
Marshall Islands,MHL,2021-02-01,6.44
Marshall Islands,MHL,2021-02-02,6.58
Marshall Islands,MHL,2021-02-03,6.58
Marshall Islands,MHL,2021-02-04,6.77
Marshall Islands,MHL,2021-02-05,6.97
Marshall Islands,MHL,2021-02-06,7.29
Marshall Islands,MHL,2021-02-07,7.55
Marshall Islands,MHL,2021-02-08,7.55
Marshall Islands,MHL,2021-02-09,7.92
Marshall Islands,MHL,2021-02-10,8.1
Marshall Islands,MHL,2021-02-11,8.33
Marshall Islands,MHL,2021-02-12,8.53
Marshall Islands,MHL,2021-02-13,8.72
Marshall Islands,MHL,2021-02-14,8.96
Marshall Islands,MHL,2021-02-16,9.73
Marshall Islands,MHL,2021-02-17,9.73
Marshall Islands,MHL,2021-02-18,10.03
Marshall Islands,MHL,2021-02-19,10.62
Marshall Islands,MHL,2021-02-20,11.06
Marshall Islands,MHL,2021-02-21,12.27
Marshall Islands,MHL,2021-02-22,12.28
Marshall Islands,MHL,2021-02-23,12.94
Marshall Islands,MHL,2021-02-24,13.3
Marshall Islands,MHL,2021-02-25,13.83
Marshall Islands,MHL,2021-02-26,14.42
Marshall Islands,MHL,2021-02-27,14.42
Marshall Islands,MHL,2021-02-28,15.08
Marshall Islands,MHL,2021-03-01,15.08
Marshall Islands,MHL,2021-03-02,15.13
Marshall Islands,MHL,2021-03-03,15.13
Marshall Islands,MHL,2021-03-04,16.07
Marshall Islands,MHL,2021-03-05,16.55
Marshall Islands,MHL,2021-03-06,17.15
Marshall Islands,MHL,2021-03-07,17.84
Marshall Islands,MHL,2021-03-08,17.86
Marshall Islands,MHL,2021-03-09,18.37
Maryland,,2021-01-12,2.26
Maryland,,2021-01-13,2.69
Maryland,,2021-01-14,2.73
Maryland,,2021-01-15,2.96
Maryland,,2021-01-19,3.73
Maryland,,2021-01-20,3.86
Maryland,,2021-01-21,4.03
Maryland,,2021-01-22,4.24
Maryland,,2021-01-23,4.51
Maryland,,2021-01-24,4.97
Maryland,,2021-01-25,5.15
Maryland,,2021-01-26,5.34
Maryland,,2021-01-27,5.63
Maryland,,2021-01-28,5.88
Maryland,,2021-01-29,6.21
Maryland,,2021-01-30,6.59
Maryland,,2021-01-31,6.98
Maryland,,2021-02-01,7.29
Maryland,,2021-02-02,7.41
Maryland,,2021-02-03,7.52
Maryland,,2021-02-04,7.67
Maryland,,2021-02-05,7.91
Maryland,,2021-02-06,8.21
Maryland,,2021-02-07,8.57
Maryland,,2021-02-08,8.8
Maryland,,2021-02-09,8.9
Maryland,,2021-02-10,9.12
Maryland,,2021-02-11,9.32
Maryland,,2021-02-12,9.6
Maryland,,2021-02-13,9.9
Maryland,,2021-02-14,10.24
Maryland,,2021-02-16,10.63
Maryland,,2021-02-17,10.73
Maryland,,2021-02-18,10.99
Maryland,,2021-02-19,11.74
Maryland,,2021-02-20,12.11
Maryland,,2021-02-21,12.3
Maryland,,2021-02-22,12.49
Maryland,,2021-02-23,12.64
Maryland,,2021-02-24,12.81
Maryland,,2021-02-25,13.2
Maryland,,2021-02-26,13.48
Maryland,,2021-02-27,13.75
Maryland,,2021-02-28,14.11
Maryland,,2021-03-01,14.48
Maryland,,2021-03-02,14.75
Maryland,,2021-03-03,15.46
Maryland,,2021-03-04,15.91
Maryland,,2021-03-05,16.46
Maryland,,2021-03-06,17.09
Maryland,,2021-03-07,17.52
Maryland,,2021-03-08,18.35
Maryland,,2021-03-09,18.88
Massachusetts,,2021-01-12,2.68
Massachusetts,,2021-01-13,2.79
Massachusetts,,2021-01-14,2.97
Massachusetts,,2021-01-15,3.22
Massachusetts,,2021-01-19,4.03
Massachusetts,,2021-01-20,4.18
Massachusetts,,2021-01-21,4.45
Massachusetts,,2021-01-22,4.62
Massachusetts,,2021-01-23,4.85
Massachusetts,,2021-01-24,5.17
Massachusetts,,2021-01-25,5.34
Massachusetts,,2021-01-26,5.46
Massachusetts,,2021-01-27,5.67
Massachusetts,,2021-01-28,5.89
Massachusetts,,2021-01-29,6.13
Massachusetts,,2021-01-30,6.37
Massachusetts,,2021-01-31,6.69
Massachusetts,,2021-02-01,7.03
Massachusetts,,2021-02-02,7.22
Massachusetts,,2021-02-03,7.22
Massachusetts,,2021-02-04,7.5
Massachusetts,,2021-02-05,7.83
Massachusetts,,2021-02-06,8.3
Massachusetts,,2021-02-07,8.84
Massachusetts,,2021-02-08,9.14
Massachusetts,,2021-02-09,9.42
Massachusetts,,2021-02-10,9.97
Massachusetts,,2021-02-11,10.38
Massachusetts,,2021-02-12,10.76
Massachusetts,,2021-02-13,11.19
Massachusetts,,2021-02-14,11.95
Massachusetts,,2021-02-16,12.53
Massachusetts,,2021-02-17,12.76
Massachusetts,,2021-02-18,13.24
Massachusetts,,2021-02-19,14.33
Massachusetts,,2021-02-20,14.92
Massachusetts,,2021-02-21,15.31
Massachusetts,,2021-02-22,15.68
Massachusetts,,2021-02-23,15.97
Massachusetts,,2021-02-24,16.24
Massachusetts,,2021-02-25,16.6
Massachusetts,,2021-02-26,17.01
Massachusetts,,2021-02-27,17.48
Massachusetts,,2021-02-28,17.86
Massachusetts,,2021-03-01,18.44
Massachusetts,,2021-03-02,18.7
Massachusetts,,2021-03-03,19.11
Massachusetts,,2021-03-04,19.62
Massachusetts,,2021-03-05,20.15
Massachusetts,,2021-03-06,20.8
Massachusetts,,2021-03-07,21.37
Massachusetts,,2021-03-08,21.67
Massachusetts,,2021-03-09,21.92
Michigan,,2021-01-12,2.08
Michigan,,2021-01-13,2.59
Michigan,,2021-01-14,2.87
Michigan,,2021-01-15,3.13
Michigan,,2021-01-19,4.18
Michigan,,2021-01-20,4.35
Michigan,,2021-01-21,4.65
Michigan,,2021-01-22,4.99
Michigan,,2021-01-23,5.37
Michigan,,2021-01-24,5.74
Michigan,,2021-01-25,6
Michigan,,2021-01-26,6.12
Michigan,,2021-01-27,6.3
Michigan,,2021-01-28,6.6
Michigan,,2021-01-29,6.96
Michigan,,2021-01-30,7.36
Michigan,,2021-01-31,7.74
Michigan,,2021-02-01,7.95
Michigan,,2021-02-02,8.03
Michigan,,2021-02-03,8.15
Michigan,,2021-02-04,8.37
Michigan,,2021-02-05,8.68
Michigan,,2021-02-06,8.97
Michigan,,2021-02-07,9.26
Michigan,,2021-02-08,9.4
Michigan,,2021-02-09,9.52
Michigan,,2021-02-10,9.73
Michigan,,2021-02-11,9.99
Michigan,,2021-02-12,10.24
Michigan,,2021-02-13,10.63
Michigan,,2021-02-14,10.98
Michigan,,2021-02-16,11.26
Michigan,,2021-02-17,11.38
Michigan,,2021-02-18,11.57
Michigan,,2021-02-19,12.25
Michigan,,2021-02-20,12.49
Michigan,,2021-02-21,12.69
Michigan,,2021-02-22,12.84
Michigan,,2021-02-23,12.9
Michigan,,2021-02-24,13.2
Michigan,,2021-02-25,13.43
Michigan,,2021-02-26,13.77
Michigan,,2021-02-27,14.21
Michigan,,2021-02-28,14.67
Michigan,,2021-03-01,14.9
Michigan,,2021-03-02,15.12
Michigan,,2021-03-03,15.36
Michigan,,2021-03-04,15.64
Michigan,,2021-03-05,16.17
Michigan,,2021-03-06,16.74
Michigan,,2021-03-07,17.29
Michigan,,2021-03-08,17.92
Michigan,,2021-03-09,18.08
Minnesota,,2021-01-12,2.7
Minnesota,,2021-01-13,2.74
Minnesota,,2021-01-14,2.86
Minnesota,,2021-01-15,3.02
Minnesota,,2021-01-19,3.71
Minnesota,,2021-01-20,3.72
Minnesota,,2021-01-21,3.78
Minnesota,,2021-01-22,3.97
Minnesota,,2021-01-23,4.26
Minnesota,,2021-01-24,4.48
Minnesota,,2021-01-25,4.86
Minnesota,,2021-01-26,5.09
Minnesota,,2021-01-27,5.3
Minnesota,,2021-01-28,5.6
Minnesota,,2021-01-29,6.03
Minnesota,,2021-01-30,6.68
Minnesota,,2021-01-31,7.14
Minnesota,,2021-02-01,7.55
Minnesota,,2021-02-02,7.65
Minnesota,,2021-02-03,7.65
Minnesota,,2021-02-04,8.15
Minnesota,,2021-02-05,8.15
Minnesota,,2021-02-06,9.04
Minnesota,,2021-02-07,9.37
Minnesota,,2021-02-08,9.6
Minnesota,,2021-02-09,9.6
Minnesota,,2021-02-10,9.6
Minnesota,,2021-02-11,10.2
Minnesota,,2021-02-12,10.56
Minnesota,,2021-02-13,11.04
Minnesota,,2021-02-14,11.41
Minnesota,,2021-02-16,11.87
Minnesota,,2021-02-17,12.08
Minnesota,,2021-02-18,12.35
Minnesota,,2021-02-19,13.38
Minnesota,,2021-02-20,13.69
Minnesota,,2021-02-21,13.98
Minnesota,,2021-02-22,13.99
Minnesota,,2021-02-23,14.19
Minnesota,,2021-02-24,14.37
Minnesota,,2021-02-25,14.62
Minnesota,,2021-02-26,15.02
Minnesota,,2021-02-27,15.64
Minnesota,,2021-02-28,16.58
Minnesota,,2021-03-01,16.95
Minnesota,,2021-03-02,17.09
Minnesota,,2021-03-03,17.48
Minnesota,,2021-03-04,17.84
Minnesota,,2021-03-05,18.36
Minnesota,,2021-03-06,19.1
Minnesota,,2021-03-07,19.75
Minnesota,,2021-03-08,20.42
Minnesota,,2021-03-09,20.7
Mississippi,,2021-01-12,1.54
Mississippi,,2021-01-13,1.73
Mississippi,,2021-01-14,2.17
Mississippi,,2021-01-15,2.55
Mississippi,,2021-01-19,3.49
Mississippi,,2021-01-20,3.78
Mississippi,,2021-01-21,4.2
Mississippi,,2021-01-22,4.6
Mississippi,,2021-01-23,4.6
Mississippi,,2021-01-24,5.43
Mississippi,,2021-01-25,5.53
Mississippi,,2021-01-26,5.57
Mississippi,,2021-01-27,5.8
Mississippi,,2021-01-28,6.1
Mississippi,,2021-01-29,6.42
Mississippi,,2021-01-30,6.7
Mississippi,,2021-01-31,7.11
Mississippi,,2021-02-01,7.17
Mississippi,,2021-02-02,7.21
Mississippi,,2021-02-03,7.49
Mississippi,,2021-02-04,7.49
Mississippi,,2021-02-05,8
Mississippi,,2021-02-06,8.49
Mississippi,,2021-02-07,8.89
Mississippi,,2021-02-08,9
Mississippi,,2021-02-09,9.02
Mississippi,,2021-02-10,9.32
Mississippi,,2021-02-11,9.61
Mississippi,,2021-02-12,9.95
Mississippi,,2021-02-13,10.2
Mississippi,,2021-02-14,10.49
Mississippi,,2021-02-16,10.69
Mississippi,,2021-02-17,10.69
Mississippi,,2021-02-18,10.69
Mississippi,,2021-02-19,11.48
Mississippi,,2021-02-20,11.6
Mississippi,,2021-02-21,11.75
Mississippi,,2021-02-22,11.88
Mississippi,,2021-02-23,12
Mississippi,,2021-02-24,12.29
Mississippi,,2021-02-25,12.3
Mississippi,,2021-02-26,12.92
Mississippi,,2021-02-27,13.39
Mississippi,,2021-02-28,13.82
Mississippi,,2021-03-01,14.11
Mississippi,,2021-03-02,14.28
Mississippi,,2021-03-03,14.65
Mississippi,,2021-03-04,15.01
Mississippi,,2021-03-05,15.5
Mississippi,,2021-03-06,16.11
Mississippi,,2021-03-07,16.72
Mississippi,,2021-03-08,17.02
Mississippi,,2021-03-09,17.11
Missouri,,2021-01-12,1.76
Missouri,,2021-01-13,1.76
Missouri,,2021-01-14,2.37
Missouri,,2021-01-15,2.5
Missouri,,2021-01-19,3.09
Missouri,,2021-01-20,3.16
Missouri,,2021-01-21,3.34
Missouri,,2021-01-22,3.55
Missouri,,2021-01-23,3.61
Missouri,,2021-01-24,3.96
Missouri,,2021-01-25,4.21
Missouri,,2021-01-26,4.27
Missouri,,2021-01-27,4.51
Missouri,,2021-01-28,4.8
Missouri,,2021-01-29,5.1
Missouri,,2021-01-30,5.1
Missouri,,2021-01-31,5.55
Missouri,,2021-02-01,5.79
Missouri,,2021-02-02,5.85
Missouri,,2021-02-03,6.05
Missouri,,2021-02-04,6.33
Missouri,,2021-02-05,6.73
Missouri,,2021-02-06,7.31
Missouri,,2021-02-07,7.78
Missouri,,2021-02-08,7.99
Missouri,,2021-02-09,8.03
Missouri,,2021-02-10,8.27
Missouri,,2021-02-11,8.55
Missouri,,2021-02-12,8.75
Missouri,,2021-02-13,9.65
Missouri,,2021-02-14,9.99
Missouri,,2021-02-16,10.28
Missouri,,2021-02-17,10.39
Missouri,,2021-02-18,10.54
Missouri,,2021-02-19,11.55
Missouri,,2021-02-20,11.8
Missouri,,2021-02-21,12.01
Missouri,,2021-02-22,12.14
Missouri,,2021-02-23,12.18
Missouri,,2021-02-24,12.38
Missouri,,2021-02-25,12.58
Missouri,,2021-02-26,13.08
Missouri,,2021-02-27,13.59
Missouri,,2021-02-28,13.61
Missouri,,2021-03-01,14.57
Missouri,,2021-03-02,14.68
Missouri,,2021-03-03,15.02
Missouri,,2021-03-04,15.41
Missouri,,2021-03-05,15.86
Missouri,,2021-03-06,16.36
Missouri,,2021-03-07,16.87
Missouri,,2021-03-08,16.74
Missouri,,2021-03-09,16.92
Montana,,2021-01-12,2.89
Montana,,2021-01-13,2.98
Montana,,2021-01-14,3.66
Montana,,2021-01-15,3.85
Montana,,2021-01-19,4.42
Montana,,2021-01-20,4.5
Montana,,2021-01-21,4.72
Montana,,2021-01-22,5.09
Montana,,2021-01-23,5.55
Montana,,2021-01-24,5.85
Montana,,2021-01-25,5.92
Montana,,2021-01-26,5.94
Montana,,2021-01-27,6.15
Montana,,2021-01-28,6.37
Montana,,2021-01-29,6.69
Montana,,2021-01-30,7.06
Montana,,2021-01-31,7.45
Montana,,2021-02-01,7.54
Montana,,2021-02-02,7.62
Montana,,2021-02-03,7.85
Montana,,2021-02-04,8.14
Montana,,2021-02-05,8.57
Montana,,2021-02-06,9.02
Montana,,2021-02-07,9.47
Montana,,2021-02-08,9.58
Montana,,2021-02-09,9.63
Montana,,2021-02-10,9.92
Montana,,2021-02-11,10.22
Montana,,2021-02-12,10.8
Montana,,2021-02-13,11.42
Montana,,2021-02-14,11.94
Montana,,2021-02-16,12.25
Montana,,2021-02-17,12.43
Montana,,2021-02-18,12.76
Montana,,2021-02-19,14.78
Montana,,2021-02-20,15.12
Montana,,2021-02-21,15.48
Montana,,2021-02-22,15.7
Montana,,2021-02-23,15.83
Montana,,2021-02-24,15.96
Montana,,2021-02-25,16.22
Montana,,2021-02-26,16.69
Montana,,2021-02-27,17.12
Montana,,2021-02-28,17.58
Montana,,2021-03-01,17.79
Montana,,2021-03-02,17.84
Montana,,2021-03-03,18.13
Montana,,2021-03-04,18.58
Montana,,2021-03-05,19.11
Montana,,2021-03-06,19.62
Montana,,2021-03-07,20.21
Montana,,2021-03-08,20.51
Montana,,2021-03-09,20.65
Nebraska,,2021-01-12,3.41
Nebraska,,2021-01-13,3.57
Nebraska,,2021-01-14,3.73
Nebraska,,2021-01-15,4.02
Nebraska,,2021-01-19,4.6
Nebraska,,2021-01-20,4.71
Nebraska,,2021-01-21,4.9
Nebraska,,2021-01-22,5.15
Nebraska,,2021-01-23,5.36
Nebraska,,2021-01-24,5.68
Nebraska,,2021-01-25,5.72
Nebraska,,2021-01-26,5.75
Nebraska,,2021-01-27,5.9
Nebraska,,2021-01-28,6.04
Nebraska,,2021-01-29,6.21
Nebraska,,2021-01-30,6.48
Nebraska,,2021-01-31,6.88
Nebraska,,2021-02-01,6.94
Nebraska,,2021-02-02,6.97
Nebraska,,2021-02-03,7.15
Nebraska,,2021-02-04,7.32
Nebraska,,2021-02-05,7.63
Nebraska,,2021-02-06,8.12
Nebraska,,2021-02-07,8.45
Nebraska,,2021-02-08,8.53
Nebraska,,2021-02-09,8.57
Nebraska,,2021-02-10,8.74
Nebraska,,2021-02-11,8.93
Nebraska,,2021-02-12,9.28
Nebraska,,2021-02-13,9.75
Nebraska,,2021-02-14,10.11
Nebraska,,2021-02-16,10.27
Nebraska,,2021-02-17,10.4
Nebraska,,2021-02-18,10.69
Nebraska,,2021-02-19,12.16
Nebraska,,2021-02-20,12.62
Nebraska,,2021-02-21,13.03
Nebraska,,2021-02-22,13.37
Nebraska,,2021-02-23,13.76
Nebraska,,2021-02-24,14.06
Nebraska,,2021-02-25,14.56
Nebraska,,2021-02-26,15.2
Nebraska,,2021-02-27,15.24
Nebraska,,2021-02-28,16.06
Nebraska,,2021-03-01,16.11
Nebraska,,2021-03-02,16.41
Nebraska,,2021-03-03,16.74
Nebraska,,2021-03-04,17.2
Nebraska,,2021-03-05,17.82
Nebraska,,2021-03-06,17.83
Nebraska,,2021-03-07,18.42
Nebraska,,2021-03-08,19.2
Nebraska,,2021-03-09,20.04
Nevada,,2021-01-12,1.02
Nevada,,2021-01-13,1.02
Nevada,,2021-01-14,2.02
Nevada,,2021-01-15,2.2
Nevada,,2021-01-19,2.77
Nevada,,2021-01-20,2.89
Nevada,,2021-01-21,3.11
Nevada,,2021-01-22,3.42
Nevada,,2021-01-23,3.74
Nevada,,2021-01-24,4.2
Nevada,,2021-01-25,4.44
Nevada,,2021-01-26,4.58
Nevada,,2021-01-27,4.85
Nevada,,2021-01-28,5.44
Nevada,,2021-01-29,5.84
Nevada,,2021-01-30,6.21
Nevada,,2021-01-31,6.68
Nevada,,2021-02-01,6.88
Nevada,,2021-02-02,6.96
Nevada,,2021-02-03,7.69
Nevada,,2021-02-04,7.93
Nevada,,2021-02-05,8.21
Nevada,,2021-02-06,8.57
Nevada,,2021-02-07,8.75
Nevada,,2021-02-08,9.03
Nevada,,2021-02-09,9.16
Nevada,,2021-02-10,9.46
Nevada,,2021-02-11,9.72
Nevada,,2021-02-12,10.02
Nevada,,2021-02-13,10.34
Nevada,,2021-02-14,10.64
Nevada,,2021-02-16,10.92
Nevada,,2021-02-17,11.06
Nevada,,2021-02-18,11.25
Nevada,,2021-02-19,12.37
Nevada,,2021-02-20,12.79
Nevada,,2021-02-21,12.99
Nevada,,2021-02-22,13.17
Nevada,,2021-02-23,13.31
Nevada,,2021-02-24,13.45
Nevada,,2021-02-25,13.73
Nevada,,2021-02-26,14.03
Nevada,,2021-02-27,14.35
Nevada,,2021-02-28,14.69
Nevada,,2021-03-01,15.04
Nevada,,2021-03-02,15.18
Nevada,,2021-03-03,15.37
Nevada,,2021-03-04,15.69
Nevada,,2021-03-05,16.18
Nevada,,2021-03-06,16.7
Nevada,,2021-03-07,17.29
Nevada,,2021-03-08,17.51
Nevada,,2021-03-09,17.69
New Hampshire,,2021-01-12,0.85
New Hampshire,,2021-01-13,0.94
New Hampshire,,2021-01-14,3.96
New Hampshire,,2021-01-15,4.18
New Hampshire,,2021-01-19,4.74
New Hampshire,,2021-01-20,4.95
New Hampshire,,2021-01-21,5.17
New Hampshire,,2021-01-22,5.37
New Hampshire,,2021-01-23,5.63
New Hampshire,,2021-01-24,5.88
New Hampshire,,2021-01-25,5.93
New Hampshire,,2021-01-26,5.99
New Hampshire,,2021-01-27,6.24
New Hampshire,,2021-01-28,6.52
New Hampshire,,2021-01-29,6.79
New Hampshire,,2021-01-30,7.07
New Hampshire,,2021-01-31,7.25
New Hampshire,,2021-02-01,7.36
New Hampshire,,2021-02-02,7.6
New Hampshire,,2021-02-03,7.65
New Hampshire,,2021-02-04,7.95
New Hampshire,,2021-02-05,8.28
New Hampshire,,2021-02-06,8.57
New Hampshire,,2021-02-07,8.79
New Hampshire,,2021-02-08,8.81
New Hampshire,,2021-02-09,8.91
New Hampshire,,2021-02-10,9.23
New Hampshire,,2021-02-11,9.62
New Hampshire,,2021-02-12,9.95
New Hampshire,,2021-02-13,10.38
New Hampshire,,2021-02-14,10.79
New Hampshire,,2021-02-16,11.12
New Hampshire,,2021-02-17,11.18
New Hampshire,,2021-02-18,11.55
New Hampshire,,2021-02-19,12.24
New Hampshire,,2021-02-20,12.63
New Hampshire,,2021-02-21,13.17
New Hampshire,,2021-02-22,13.59
New Hampshire,,2021-02-23,13.98
New Hampshire,,2021-02-24,14.39
New Hampshire,,2021-02-25,14.86
New Hampshire,,2021-02-26,15.27
New Hampshire,,2021-02-27,15.89
New Hampshire,,2021-02-28,16.54
New Hampshire,,2021-03-01,16.76
New Hampshire,,2021-03-02,17.12
New Hampshire,,2021-03-03,17.61
New Hampshire,,2021-03-04,18.15
New Hampshire,,2021-03-05,18.59
New Hampshire,,2021-03-06,19.18
New Hampshire,,2021-03-07,19.8
New Hampshire,,2021-03-08,20.76
New Hampshire,,2021-03-09,21.31
New Jersey,,2021-01-12,2.33
New Jersey,,2021-01-13,2.66
New Jersey,,2021-01-14,2.65
New Jersey,,2021-01-15,3.14
New Jersey,,2021-01-19,3.99
New Jersey,,2021-01-20,4.29
New Jersey,,2021-01-21,4.29
New Jersey,,2021-01-22,4.58
New Jersey,,2021-01-23,4.93
New Jersey,,2021-01-24,5.28
New Jersey,,2021-01-25,5.54
New Jersey,,2021-01-26,5.65
New Jersey,,2021-01-27,5.97
New Jersey,,2021-01-28,6.28
New Jersey,,2021-01-29,6.94
New Jersey,,2021-01-30,7.31
New Jersey,,2021-01-31,7.54
New Jersey,,2021-02-01,7.66
New Jersey,,2021-02-02,7.85
New Jersey,,2021-02-03,7.93
New Jersey,,2021-02-04,7.93
New Jersey,,2021-02-05,8.16
New Jersey,,2021-02-06,8.91
New Jersey,,2021-02-07,9.15
New Jersey,,2021-02-08,9.26
New Jersey,,2021-02-09,9.58
New Jersey,,2021-02-10,9.95
New Jersey,,2021-02-11,10.26
New Jersey,,2021-02-12,10.6
New Jersey,,2021-02-13,10.93
New Jersey,,2021-02-14,11.18
New Jersey,,2021-02-16,11.69
New Jersey,,2021-02-17,12.02
New Jersey,,2021-02-18,12.42
New Jersey,,2021-02-19,12.83
New Jersey,,2021-02-20,13.03
New Jersey,,2021-02-21,13.2
New Jersey,,2021-02-22,13.32
New Jersey,,2021-02-23,13.57
New Jersey,,2021-02-24,13.83
New Jersey,,2021-02-25,14.17
New Jersey,,2021-02-26,14.6
New Jersey,,2021-02-27,15.01
New Jersey,,2021-02-28,15.42
New Jersey,,2021-03-01,15.68
New Jersey,,2021-03-02,16.38
New Jersey,,2021-03-03,16.86
New Jersey,,2021-03-04,17.46
New Jersey,,2021-03-05,18.02
New Jersey,,2021-03-06,18.57
New Jersey,,2021-03-07,18.97
New Jersey,,2021-03-08,19.99
New Jersey,,2021-03-09,20.51
New Mexico,,2021-01-12,2.07
New Mexico,,2021-01-13,2.19
New Mexico,,2021-01-14,3.5
New Mexico,,2021-01-15,3.82
New Mexico,,2021-01-19,5.36
New Mexico,,2021-01-20,5.54
New Mexico,,2021-01-21,5.86
New Mexico,,2021-01-22,6.21
New Mexico,,2021-01-23,7.1
New Mexico,,2021-01-24,7.76
New Mexico,,2021-01-25,7.94
New Mexico,,2021-01-26,8.18
New Mexico,,2021-01-27,8.4
New Mexico,,2021-01-28,8.6
New Mexico,,2021-01-29,9.02
New Mexico,,2021-01-30,9.32
New Mexico,,2021-01-31,9.78
New Mexico,,2021-02-01,10.12
New Mexico,,2021-02-02,10.2
New Mexico,,2021-02-03,10.45
New Mexico,,2021-02-04,10.7
New Mexico,,2021-02-05,11.06
New Mexico,,2021-02-06,11.47
New Mexico,,2021-02-07,11.7
New Mexico,,2021-02-08,11.97
New Mexico,,2021-02-09,12.09
New Mexico,,2021-02-10,12.31
New Mexico,,2021-02-11,12.6
New Mexico,,2021-02-12,12.99
New Mexico,,2021-02-13,13.2
New Mexico,,2021-02-14,13.67
New Mexico,,2021-02-16,14.34
New Mexico,,2021-02-17,14.44
New Mexico,,2021-02-18,14.62
New Mexico,,2021-02-19,18.1
New Mexico,,2021-02-20,18.44
New Mexico,,2021-02-21,18.83
New Mexico,,2021-02-22,19.07
New Mexico,,2021-02-23,19.3
New Mexico,,2021-02-24,19.44
New Mexico,,2021-02-25,19.83
New Mexico,,2021-02-26,20.41
New Mexico,,2021-02-27,20.98
New Mexico,,2021-02-28,21.76
New Mexico,,2021-03-01,21.89
New Mexico,,2021-03-02,22.12
New Mexico,,2021-03-03,22.52
New Mexico,,2021-03-04,22.71
New Mexico,,2021-03-05,23.36
New Mexico,,2021-03-06,24.23
New Mexico,,2021-03-07,24.59
New Mexico,,2021-03-08,25.8
New Mexico,,2021-03-09,26
New York State,,2021-01-12,2.79
New York State,,2021-01-13,3.02
New York State,,2021-01-14,3.17
New York State,,2021-01-15,3.45
New York State,,2021-01-19,4.55
New York State,,2021-01-20,4.76
New York State,,2021-01-21,5.05
New York State,,2021-01-22,5.39
New York State,,2021-01-23,5.69
New York State,,2021-01-24,6.03
New York State,,2021-01-25,6.25
New York State,,2021-01-26,6.4
New York State,,2021-01-27,6.61
New York State,,2021-01-28,6.79
New York State,,2021-01-29,6.99
New York State,,2021-01-30,7.29
New York State,,2021-01-31,7.58
New York State,,2021-02-01,7.77
New York State,,2021-02-02,7.92
New York State,,2021-02-03,8.03
New York State,,2021-02-04,8.1
New York State,,2021-02-05,8.28
New York State,,2021-02-06,8.54
New York State,,2021-02-07,8.85
New York State,,2021-02-08,9.09
New York State,,2021-02-09,9.23
New York State,,2021-02-10,9.43
New York State,,2021-02-11,9.61
New York State,,2021-02-12,9.81
New York State,,2021-02-13,10.07
New York State,,2021-02-14,10.32
New York State,,2021-02-16,10.81
New York State,,2021-02-17,11
New York State,,2021-02-18,11.19
New York State,,2021-02-19,11.8
New York State,,2021-02-20,12
New York State,,2021-02-21,12.18
New York State,,2021-02-22,12.38
New York State,,2021-02-23,12.51
New York State,,2021-02-24,12.63
New York State,,2021-02-25,12.8
New York State,,2021-02-26,13.02
New York State,,2021-02-27,13.34
New York State,,2021-02-28,13.87
New York State,,2021-03-01,14.31
New York State,,2021-03-02,14.84
New York State,,2021-03-03,15.24
New York State,,2021-03-04,15.73
New York State,,2021-03-05,16.26
New York State,,2021-03-06,16.96
New York State,,2021-03-07,17.72
New York State,,2021-03-08,18.35
New York State,,2021-03-09,18.77
North Carolina,,2021-01-12,1.8
North Carolina,,2021-01-13,2.18
North Carolina,,2021-01-14,2.22
North Carolina,,2021-01-15,2.48
North Carolina,,2021-01-19,3.3
North Carolina,,2021-01-20,3.52
North Carolina,,2021-01-21,3.87
North Carolina,,2021-01-22,4.29
North Carolina,,2021-01-23,4.74
North Carolina,,2021-01-24,5.26
North Carolina,,2021-01-25,5.62
North Carolina,,2021-01-26,5.83
North Carolina,,2021-01-27,5.99
North Carolina,,2021-01-28,6.95
North Carolina,,2021-01-29,6.96
North Carolina,,2021-01-30,7.27
North Carolina,,2021-01-31,7.64
North Carolina,,2021-02-01,7.81
North Carolina,,2021-02-02,7.81
North Carolina,,2021-02-03,8.16
North Carolina,,2021-02-04,8.35
North Carolina,,2021-02-05,8.6
North Carolina,,2021-02-06,8.96
North Carolina,,2021-02-07,9.34
North Carolina,,2021-02-08,9.53
North Carolina,,2021-02-09,9.59
North Carolina,,2021-02-10,9.85
North Carolina,,2021-02-11,10.01
North Carolina,,2021-02-12,10.26
North Carolina,,2021-02-13,10.63
North Carolina,,2021-02-14,11.12
North Carolina,,2021-02-16,11.43
North Carolina,,2021-02-17,11.67
North Carolina,,2021-02-18,11.81
North Carolina,,2021-02-19,12.77
North Carolina,,2021-02-20,12.91
North Carolina,,2021-02-21,13.1
North Carolina,,2021-02-22,13.21
North Carolina,,2021-02-23,13.25
North Carolina,,2021-02-24,13.41
North Carolina,,2021-02-25,13.58
North Carolina,,2021-02-26,14.01
North Carolina,,2021-02-27,14.52
North Carolina,,2021-02-28,15.2
North Carolina,,2021-03-01,15.59
North Carolina,,2021-03-02,15.7
North Carolina,,2021-03-03,16.08
North Carolina,,2021-03-04,16.34
North Carolina,,2021-03-05,16.46
North Carolina,,2021-03-06,16.97
North Carolina,,2021-03-07,17.41
North Carolina,,2021-03-08,17.53
North Carolina,,2021-03-09,17.72
North Dakota,,2021-01-12,4.42
North Dakota,,2021-01-13,4.5
North Dakota,,2021-01-14,4.63
North Dakota,,2021-01-15,5.05
North Dakota,,2021-01-19,6.25
North Dakota,,2021-01-20,6.34
North Dakota,,2021-01-21,6.43
North Dakota,,2021-01-22,6.69
North Dakota,,2021-01-23,7.02
North Dakota,,2021-01-24,7.37
North Dakota,,2021-01-25,7.61
North Dakota,,2021-01-26,7.63
North Dakota,,2021-01-27,7.7
North Dakota,,2021-01-28,7.89
North Dakota,,2021-01-29,8.37
North Dakota,,2021-01-30,8.78
North Dakota,,2021-01-31,9.29
North Dakota,,2021-02-01,9.39
North Dakota,,2021-02-02,9.41
North Dakota,,2021-02-03,9.53
North Dakota,,2021-02-04,9.76
North Dakota,,2021-02-05,10.28
North Dakota,,2021-02-06,10.75
North Dakota,,2021-02-07,11.22
North Dakota,,2021-02-08,11.5
North Dakota,,2021-02-09,11.5
North Dakota,,2021-02-10,11.67
North Dakota,,2021-02-11,11.93
North Dakota,,2021-02-12,12.36
North Dakota,,2021-02-13,12.69
North Dakota,,2021-02-14,13.04
North Dakota,,2021-02-16,13.4
North Dakota,,2021-02-17,13.44
North Dakota,,2021-02-18,13.67
North Dakota,,2021-02-19,16.01
North Dakota,,2021-02-20,16.36
North Dakota,,2021-02-21,16.65
North Dakota,,2021-02-22,16.88
North Dakota,,2021-02-23,16.88
North Dakota,,2021-02-24,17.14
North Dakota,,2021-02-25,17.46
North Dakota,,2021-02-26,18.14
North Dakota,,2021-02-27,19.16
North Dakota,,2021-02-28,19.85
North Dakota,,2021-03-01,20.21
North Dakota,,2021-03-02,20.23
North Dakota,,2021-03-03,20.38
North Dakota,,2021-03-04,20.75
North Dakota,,2021-03-05,21.44
North Dakota,,2021-03-06,22.31
North Dakota,,2021-03-07,23.14
North Dakota,,2021-03-08,22.66
North Dakota,,2021-03-09,22.83
Northern Mariana Islands,MNP,2021-01-12,1.92
Northern Mariana Islands,MNP,2021-01-13,2.01
Northern Mariana Islands,MNP,2021-01-14,6.07
Northern Mariana Islands,MNP,2021-01-15,6.61
Northern Mariana Islands,MNP,2021-01-19,7.83
Northern Mariana Islands,MNP,2021-01-20,8.03
Northern Mariana Islands,MNP,2021-01-21,8.1
Northern Mariana Islands,MNP,2021-01-22,8.26
Northern Mariana Islands,MNP,2021-01-23,8.82
Northern Mariana Islands,MNP,2021-01-24,9.44
Northern Mariana Islands,MNP,2021-01-25,9.62
Northern Mariana Islands,MNP,2021-01-26,9.98
Northern Mariana Islands,MNP,2021-01-27,10.49
Northern Mariana Islands,MNP,2021-01-28,10.88
Northern Mariana Islands,MNP,2021-01-29,11.4
Northern Mariana Islands,MNP,2021-01-30,11.73
Northern Mariana Islands,MNP,2021-01-31,12.12
Northern Mariana Islands,MNP,2021-02-01,12.13
Northern Mariana Islands,MNP,2021-02-02,12.42
Northern Mariana Islands,MNP,2021-02-03,12.78
Northern Mariana Islands,MNP,2021-02-04,13.29
Northern Mariana Islands,MNP,2021-02-05,13.42
Northern Mariana Islands,MNP,2021-02-06,13.66
Northern Mariana Islands,MNP,2021-02-07,13.8
Northern Mariana Islands,MNP,2021-02-08,13.82
Northern Mariana Islands,MNP,2021-02-09,14.1
Northern Mariana Islands,MNP,2021-02-10,14.37
Northern Mariana Islands,MNP,2021-02-11,14.67
Northern Mariana Islands,MNP,2021-02-12,14.94
Northern Mariana Islands,MNP,2021-02-13,15.11
Northern Mariana Islands,MNP,2021-02-14,15.13
Northern Mariana Islands,MNP,2021-02-16,15.73
Northern Mariana Islands,MNP,2021-02-17,15.9
Northern Mariana Islands,MNP,2021-02-18,16.15
Northern Mariana Islands,MNP,2021-02-19,16.37
Northern Mariana Islands,MNP,2021-02-20,16.37
Northern Mariana Islands,MNP,2021-02-21,16.83
Northern Mariana Islands,MNP,2021-02-22,16.83
Northern Mariana Islands,MNP,2021-02-23,17.05
Northern Mariana Islands,MNP,2021-02-24,17.57
Northern Mariana Islands,MNP,2021-02-25,17.81
Northern Mariana Islands,MNP,2021-02-26,18.27
Northern Mariana Islands,MNP,2021-02-27,18.56
Northern Mariana Islands,MNP,2021-02-28,18.83
Northern Mariana Islands,MNP,2021-03-01,19.22
Northern Mariana Islands,MNP,2021-03-02,19.48
Northern Mariana Islands,MNP,2021-03-03,19.8
Northern Mariana Islands,MNP,2021-03-04,20.09
Northern Mariana Islands,MNP,2021-03-05,20.4
Northern Mariana Islands,MNP,2021-03-06,20.99
Northern Mariana Islands,MNP,2021-03-07,20.99
Northern Mariana Islands,MNP,2021-03-08,20.99
Northern Mariana Islands,MNP,2021-03-09,21.21
Ohio,,2021-01-12,2.67
Ohio,,2021-01-13,2.82
Ohio,,2021-01-14,2.9
Ohio,,2021-01-15,3.1
Ohio,,2021-01-19,3.81
Ohio,,2021-01-20,3.9
Ohio,,2021-01-21,3.9
Ohio,,2021-01-22,4.28
Ohio,,2021-01-23,4.58
Ohio,,2021-01-24,4.92
Ohio,,2021-01-25,5.2
Ohio,,2021-01-26,5.37
Ohio,,2021-01-27,5.62
Ohio,,2021-01-28,5.85
Ohio,,2021-01-29,6.13
Ohio,,2021-01-30,6.5
Ohio,,2021-01-31,6.76
Ohio,,2021-02-01,7.05
Ohio,,2021-02-02,7.31
Ohio,,2021-02-03,7.56
Ohio,,2021-02-04,7.78
Ohio,,2021-02-05,8.01
Ohio,,2021-02-06,8.35
Ohio,,2021-02-07,8.61
Ohio,,2021-02-08,8.89
Ohio,,2021-02-09,9.06
Ohio,,2021-02-10,9.22
Ohio,,2021-02-11,9.48
Ohio,,2021-02-12,9.94
Ohio,,2021-02-13,10.27
Ohio,,2021-02-14,10.62
Ohio,,2021-02-16,11.2
Ohio,,2021-02-17,11.34
Ohio,,2021-02-18,11.49
Ohio,,2021-02-19,12.25
Ohio,,2021-02-20,12.49
Ohio,,2021-02-21,12.72
Ohio,,2021-02-22,12.86
Ohio,,2021-02-23,12.96
Ohio,,2021-02-24,13.18
Ohio,,2021-02-25,13.41
Ohio,,2021-02-26,13.67
Ohio,,2021-02-27,14.06
Ohio,,2021-02-28,14.47
Ohio,,2021-03-01,14.79
Ohio,,2021-03-02,15.08
Ohio,,2021-03-03,15.41
Ohio,,2021-03-04,15.71
Ohio,,2021-03-05,16.1
Ohio,,2021-03-06,16.7
Ohio,,2021-03-07,17.2
Ohio,,2021-03-08,17.47
Ohio,,2021-03-09,17.71
Oklahoma,,2021-01-12,2.76
Oklahoma,,2021-01-13,3
Oklahoma,,2021-01-14,4.04
Oklahoma,,2021-01-15,4.38
Oklahoma,,2021-01-19,5.3
Oklahoma,,2021-01-20,5.5
Oklahoma,,2021-01-21,5.84
Oklahoma,,2021-01-22,6.27
Oklahoma,,2021-01-23,6.65
Oklahoma,,2021-01-24,7.06
Oklahoma,,2021-01-25,7.14
Oklahoma,,2021-01-26,7.2
Oklahoma,,2021-01-27,7.49
Oklahoma,,2021-01-28,7.8
Oklahoma,,2021-01-29,8.18
Oklahoma,,2021-01-30,8.58
Oklahoma,,2021-01-31,9.02
Oklahoma,,2021-02-01,9.11
Oklahoma,,2021-02-02,9.16
Oklahoma,,2021-02-03,9.4
Oklahoma,,2021-02-04,9.65
Oklahoma,,2021-02-05,9.94
Oklahoma,,2021-02-06,10.27
Oklahoma,,2021-02-07,10.73
Oklahoma,,2021-02-08,10.9
Oklahoma,,2021-02-09,10.93
Oklahoma,,2021-02-10,11.14
Oklahoma,,2021-02-11,11.43
Oklahoma,,2021-02-12,11.58
Oklahoma,,2021-02-13,11.83
Oklahoma,,2021-02-14,12.06
Oklahoma,,2021-02-16,12.24
Oklahoma,,2021-02-17,12.27
Oklahoma,,2021-02-18,12.31
Oklahoma,,2021-02-19,14.3
Oklahoma,,2021-02-20,14.48
Oklahoma,,2021-02-21,14.77
Oklahoma,,2021-02-22,15.02
Oklahoma,,2021-02-23,15.17
Oklahoma,,2021-02-24,15.61
Oklahoma,,2021-02-25,16.04
Oklahoma,,2021-02-26,16.47
Oklahoma,,2021-02-27,16.95
Oklahoma,,2021-02-28,17.52
Oklahoma,,2021-03-01,17.93
Oklahoma,,2021-03-02,18.04
Oklahoma,,2021-03-03,18.37
Oklahoma,,2021-03-04,18.84
Oklahoma,,2021-03-05,19.39
Oklahoma,,2021-03-06,19.92
Oklahoma,,2021-03-07,20.46
Oklahoma,,2021-03-08,20.68
Oklahoma,,2021-03-09,20.79
Oregon,,2021-01-12,2.36
Oregon,,2021-01-13,2.56
Oregon,,2021-01-14,2.84
Oregon,,2021-01-15,3.16
Oregon,,2021-01-19,4.57
Oregon,,2021-01-20,4.57
Oregon,,2021-01-21,4.57
Oregon,,2021-01-22,5.18
Oregon,,2021-01-23,5.49
Oregon,,2021-01-24,5.8
Oregon,,2021-01-25,6.1
Oregon,,2021-01-26,6.24
Oregon,,2021-01-27,6.55
Oregon,,2021-01-28,6.77
Oregon,,2021-01-29,7.1
Oregon,,2021-01-30,7.47
Oregon,,2021-01-31,7.86
Oregon,,2021-02-01,8.13
Oregon,,2021-02-02,8.37
Oregon,,2021-02-03,8.56
Oregon,,2021-02-04,8.77
Oregon,,2021-02-05,8.96
Oregon,,2021-02-06,9.24
Oregon,,2021-02-07,9.48
Oregon,,2021-02-08,9.78
Oregon,,2021-02-09,10.08
Oregon,,2021-02-10,10.3
Oregon,,2021-02-11,10.3
Oregon,,2021-02-12,10.3
Oregon,,2021-02-13,11.07
Oregon,,2021-02-14,11.28
Oregon,,2021-02-16,11.45
Oregon,,2021-02-17,11.55
Oregon,,2021-02-18,11.76
Oregon,,2021-02-19,12.56
Oregon,,2021-02-20,12.84
Oregon,,2021-02-21,13.09
Oregon,,2021-02-22,13.29
Oregon,,2021-02-23,13.48
Oregon,,2021-02-24,13.5
Oregon,,2021-02-25,13.76
Oregon,,2021-02-26,14.17
Oregon,,2021-02-27,14.65
Oregon,,2021-02-28,15.03
Oregon,,2021-03-01,15.47
Oregon,,2021-03-02,15.67
Oregon,,2021-03-03,15.83
Oregon,,2021-03-04,16.11
Oregon,,2021-03-05,16.41
Oregon,,2021-03-06,17.07
Oregon,,2021-03-07,17.64
Oregon,,2021-03-08,18.02
Oregon,,2021-03-09,18.35
Pennsylvania,,2021-01-12,2.08
Pennsylvania,,2021-01-13,2.23
Pennsylvania,,2021-01-14,2.76
Pennsylvania,,2021-01-15,2.97
Pennsylvania,,2021-01-19,3.63
Pennsylvania,,2021-01-20,3.77
Pennsylvania,,2021-01-21,3.97
Pennsylvania,,2021-01-22,4.21
Pennsylvania,,2021-01-23,4.47
Pennsylvania,,2021-01-24,4.78
Pennsylvania,,2021-01-25,5
Pennsylvania,,2021-01-26,5.14
Pennsylvania,,2021-01-27,5.42
Pennsylvania,,2021-01-28,5.43
Pennsylvania,,2021-01-29,6.07
Pennsylvania,,2021-01-30,6.4
Pennsylvania,,2021-01-31,6.73
Pennsylvania,,2021-02-01,7.03
Pennsylvania,,2021-02-02,7.16
Pennsylvania,,2021-02-03,7.17
Pennsylvania,,2021-02-04,7.49
Pennsylvania,,2021-02-05,7.76
Pennsylvania,,2021-02-06,8.1
Pennsylvania,,2021-02-07,8.46
Pennsylvania,,2021-02-08,8.66
Pennsylvania,,2021-02-09,8.86
Pennsylvania,,2021-02-10,9.19
Pennsylvania,,2021-02-11,9.5
Pennsylvania,,2021-02-12,9.88
Pennsylvania,,2021-02-13,9.91
Pennsylvania,,2021-02-14,10.65
Pennsylvania,,2021-02-16,10.7
Pennsylvania,,2021-02-17,11.29
Pennsylvania,,2021-02-18,11.55
Pennsylvania,,2021-02-19,12.51
Pennsylvania,,2021-02-20,12.72
Pennsylvania,,2021-02-21,13.03
Pennsylvania,,2021-02-22,13.27
Pennsylvania,,2021-02-23,13.35
Pennsylvania,,2021-02-24,13.52
Pennsylvania,,2021-02-25,13.79
Pennsylvania,,2021-02-26,14.1
Pennsylvania,,2021-02-27,14.61
Pennsylvania,,2021-02-28,14.94
Pennsylvania,,2021-03-01,15.29
Pennsylvania,,2021-03-02,15.56
Pennsylvania,,2021-03-03,15.84
Pennsylvania,,2021-03-04,16.25
Pennsylvania,,2021-03-05,16.99
Pennsylvania,,2021-03-06,17.63
Pennsylvania,,2021-03-07,17.75
Pennsylvania,,2021-03-08,17.88
Pennsylvania,,2021-03-09,18.76
Puerto Rico,PRI,2021-01-12,1.93
Puerto Rico,PRI,2021-01-13,2.11
Puerto Rico,PRI,2021-01-14,2.51
Puerto Rico,PRI,2021-01-15,2.74
Puerto Rico,PRI,2021-01-19,3.37
Puerto Rico,PRI,2021-01-20,3.52
Puerto Rico,PRI,2021-01-21,3.77
Puerto Rico,PRI,2021-01-22,4.02
Puerto Rico,PRI,2021-01-23,4.27
Puerto Rico,PRI,2021-01-24,4.51
Puerto Rico,PRI,2021-01-25,4.6
Puerto Rico,PRI,2021-01-26,4.63
Puerto Rico,PRI,2021-01-27,4.89
Puerto Rico,PRI,2021-01-28,5.19
Puerto Rico,PRI,2021-01-29,5.47
Puerto Rico,PRI,2021-01-30,5.75
Puerto Rico,PRI,2021-01-31,6.07
Puerto Rico,PRI,2021-02-01,6.17
Puerto Rico,PRI,2021-02-02,6.17
Puerto Rico,PRI,2021-02-03,6.46
Puerto Rico,PRI,2021-02-04,6.72
Puerto Rico,PRI,2021-02-05,6.93
Puerto Rico,PRI,2021-02-06,7.17
Puerto Rico,PRI,2021-02-07,7.17
Puerto Rico,PRI,2021-02-08,7.17
Puerto Rico,PRI,2021-02-09,7.42
Puerto Rico,PRI,2021-02-10,7.58
Puerto Rico,PRI,2021-02-11,7.79
Puerto Rico,PRI,2021-02-12,7.79
Puerto Rico,PRI,2021-02-13,8.35
Puerto Rico,PRI,2021-02-14,8.53
Puerto Rico,PRI,2021-02-16,8.6
Puerto Rico,PRI,2021-02-17,8.69
Puerto Rico,PRI,2021-02-18,8.9
Puerto Rico,PRI,2021-02-19,9.65
Puerto Rico,PRI,2021-02-20,9.83
Puerto Rico,PRI,2021-02-21,10.03
Puerto Rico,PRI,2021-02-22,10.03
Puerto Rico,PRI,2021-02-23,10.09
Puerto Rico,PRI,2021-02-24,10.3
Puerto Rico,PRI,2021-02-25,10.53
Puerto Rico,PRI,2021-02-26,10.91
Puerto Rico,PRI,2021-02-27,10.93
Puerto Rico,PRI,2021-02-28,11.06
Puerto Rico,PRI,2021-03-01,11.17
Puerto Rico,PRI,2021-03-02,11.17
Puerto Rico,PRI,2021-03-03,11.38
Puerto Rico,PRI,2021-03-04,11.8
Puerto Rico,PRI,2021-03-05,11.82
Puerto Rico,PRI,2021-03-06,12.11
Puerto Rico,PRI,2021-03-07,12.43
Puerto Rico,PRI,2021-03-08,12.61
Puerto Rico,PRI,2021-03-09,12.65
Republic of Palau,,2021-01-12,2.32
Republic of Palau,,2021-01-13,4.05
Republic of Palau,,2021-01-14,4.27
Republic of Palau,,2021-01-15,6.24
Republic of Palau,,2021-01-19,10.68
Republic of Palau,,2021-01-20,11.06
Republic of Palau,,2021-01-21,13.42
Republic of Palau,,2021-01-22,13.42
Republic of Palau,,2021-01-23,14.98
Republic of Palau,,2021-01-24,17
Republic of Palau,,2021-01-25,17
Republic of Palau,,2021-01-26,17
Republic of Palau,,2021-01-27,17.01
Republic of Palau,,2021-01-28,17.13
Republic of Palau,,2021-01-29,17.24
Republic of Palau,,2021-01-30,17.36
Republic of Palau,,2021-01-31,17.36
Republic of Palau,,2021-02-01,17.36
Republic of Palau,,2021-02-02,17.36
Republic of Palau,,2021-02-03,17.36
Republic of Palau,,2021-02-04,17.36
Republic of Palau,,2021-02-05,17.36
Republic of Palau,,2021-02-06,17.36
Republic of Palau,,2021-02-07,17.36
Republic of Palau,,2021-02-08,17.36
Republic of Palau,,2021-02-09,17.36
Republic of Palau,,2021-02-10,17.36
Republic of Palau,,2021-02-11,17.36
Republic of Palau,,2021-02-12,17.36
Republic of Palau,,2021-02-13,17.36
Republic of Palau,,2021-02-14,17.36
Republic of Palau,,2021-02-16,17.37
Republic of Palau,,2021-02-17,17.38
Republic of Palau,,2021-02-18,18.69
Republic of Palau,,2021-02-19,18.69
Republic of Palau,,2021-02-20,20.34
Republic of Palau,,2021-02-21,20.38
Republic of Palau,,2021-02-22,20.38
Republic of Palau,,2021-02-23,22.64
Republic of Palau,,2021-02-24,22.64
Republic of Palau,,2021-02-25,28.39
Republic of Palau,,2021-02-26,28.39
Republic of Palau,,2021-02-27,28.39
Republic of Palau,,2021-02-28,28.4
Republic of Palau,,2021-03-01,28.4
Republic of Palau,,2021-03-02,28.4
Republic of Palau,,2021-03-03,28.4
Republic of Palau,,2021-03-04,28.4
Republic of Palau,,2021-03-05,28.4
Republic of Palau,,2021-03-06,28.4
Republic of Palau,,2021-03-07,28.4
Republic of Palau,,2021-03-08,28.74
Republic of Palau,,2021-03-09,28.74
Rhode Island,,2021-01-12,3.34
Rhode Island,,2021-01-13,3.44
Rhode Island,,2021-01-14,3.59
Rhode Island,,2021-01-15,3.72
Rhode Island,,2021-01-19,4.17
Rhode Island,,2021-01-20,4.33
Rhode Island,,2021-01-21,4.52
Rhode Island,,2021-01-22,4.71
Rhode Island,,2021-01-23,4.78
Rhode Island,,2021-01-24,5.12
Rhode Island,,2021-01-25,5.36
Rhode Island,,2021-01-26,5.48
Rhode Island,,2021-01-27,5.65
Rhode Island,,2021-01-28,5.81
Rhode Island,,2021-01-29,5.97
Rhode Island,,2021-01-30,6.2
Rhode Island,,2021-01-31,6.39
Rhode Island,,2021-02-01,6.49
Rhode Island,,2021-02-02,6.94
Rhode Island,,2021-02-03,7.03
Rhode Island,,2021-02-04,7.17
Rhode Island,,2021-02-05,7.36
Rhode Island,,2021-02-06,7.65
Rhode Island,,2021-02-07,7.87
Rhode Island,,2021-02-08,8.03
Rhode Island,,2021-02-09,8.14
Rhode Island,,2021-02-10,8.29
Rhode Island,,2021-02-11,8.47
Rhode Island,,2021-02-12,8.67
Rhode Island,,2021-02-13,8.99
Rhode Island,,2021-02-14,9.19
Rhode Island,,2021-02-16,9.48
Rhode Island,,2021-02-17,9.75
Rhode Island,,2021-02-18,10.21
Rhode Island,,2021-02-19,11.76
Rhode Island,,2021-02-20,12.39
Rhode Island,,2021-02-21,12.92
Rhode Island,,2021-02-22,13.45
Rhode Island,,2021-02-23,13.89
Rhode Island,,2021-02-24,14.41
Rhode Island,,2021-02-25,15.06
Rhode Island,,2021-02-26,15.7
Rhode Island,,2021-02-27,16.5
Rhode Island,,2021-02-28,17.17
Rhode Island,,2021-03-01,18.02
Rhode Island,,2021-03-02,18.45
Rhode Island,,2021-03-03,18.94
Rhode Island,,2021-03-04,19.58
Rhode Island,,2021-03-05,20.22
Rhode Island,,2021-03-06,20.87
Rhode Island,,2021-03-07,21.49
Rhode Island,,2021-03-08,22.16
Rhode Island,,2021-03-09,22.75
South Carolina,,2021-01-12,1.5
South Carolina,,2021-01-13,1.7
South Carolina,,2021-01-14,1.87
South Carolina,,2021-01-15,1.98
South Carolina,,2021-01-19,3.02
South Carolina,,2021-01-20,3.12
South Carolina,,2021-01-21,3.38
South Carolina,,2021-01-22,3.67
South Carolina,,2021-01-23,4.01
South Carolina,,2021-01-24,4.53
South Carolina,,2021-01-25,5.01
South Carolina,,2021-01-26,5.19
South Carolina,,2021-01-27,5.35
South Carolina,,2021-01-28,5.88
South Carolina,,2021-01-29,6.26
South Carolina,,2021-01-30,6.59
South Carolina,,2021-01-31,7.02
South Carolina,,2021-02-01,7.36
South Carolina,,2021-02-02,7.5
South Carolina,,2021-02-03,7.61
South Carolina,,2021-02-04,7.84
South Carolina,,2021-02-05,8.13
South Carolina,,2021-02-06,8.45
South Carolina,,2021-02-07,8.75
South Carolina,,2021-02-08,8.94
South Carolina,,2021-02-09,8.94
South Carolina,,2021-02-10,9.23
South Carolina,,2021-02-11,9.47
South Carolina,,2021-02-12,9.71
South Carolina,,2021-02-13,9.95
South Carolina,,2021-02-14,10.21
South Carolina,,2021-02-16,10.54
South Carolina,,2021-02-17,10.72
South Carolina,,2021-02-18,10.93
South Carolina,,2021-02-19,11.85
South Carolina,,2021-02-20,12.16
South Carolina,,2021-02-21,12.4
South Carolina,,2021-02-22,12.61
South Carolina,,2021-02-23,12.71
South Carolina,,2021-02-24,13.14
South Carolina,,2021-02-25,13.33
South Carolina,,2021-02-26,13.59
South Carolina,,2021-02-27,13.88
South Carolina,,2021-02-28,14.1
South Carolina,,2021-03-01,14.46
South Carolina,,2021-03-02,14.54
South Carolina,,2021-03-03,14.71
South Carolina,,2021-03-04,15.01
South Carolina,,2021-03-05,15.33
South Carolina,,2021-03-06,15.78
South Carolina,,2021-03-07,16.33
South Carolina,,2021-03-08,16.96
South Carolina,,2021-03-09,17.19
South Dakota,,2021-01-12,4.67
South Dakota,,2021-01-13,4.84
South Dakota,,2021-01-14,5.06
South Dakota,,2021-01-15,5.36
South Dakota,,2021-01-19,5.8
South Dakota,,2021-01-20,5.94
South Dakota,,2021-01-21,6.16
South Dakota,,2021-01-22,6.42
South Dakota,,2021-01-23,6.89
South Dakota,,2021-01-24,7.13
South Dakota,,2021-01-25,7.23
South Dakota,,2021-01-26,7.24
South Dakota,,2021-01-27,7.35
South Dakota,,2021-01-28,7.59
South Dakota,,2021-01-29,7.97
South Dakota,,2021-01-30,8.39
South Dakota,,2021-01-31,8.65
South Dakota,,2021-02-01,8.71
South Dakota,,2021-02-02,8.72
South Dakota,,2021-02-03,8.93
South Dakota,,2021-02-04,9.23
South Dakota,,2021-02-05,9.71
South Dakota,,2021-02-06,10.05
South Dakota,,2021-02-07,10.35
South Dakota,,2021-02-08,10.47
South Dakota,,2021-02-09,10.48
South Dakota,,2021-02-10,10.71
South Dakota,,2021-02-11,11.06
South Dakota,,2021-02-12,11.65
South Dakota,,2021-02-13,12.01
South Dakota,,2021-02-14,12.42
South Dakota,,2021-02-16,12.56
South Dakota,,2021-02-17,12.82
South Dakota,,2021-02-18,13.16
South Dakota,,2021-02-19,16.84
South Dakota,,2021-02-20,17.26
South Dakota,,2021-02-21,17.72
South Dakota,,2021-02-22,17.92
South Dakota,,2021-02-23,17.99
South Dakota,,2021-02-24,18.39
South Dakota,,2021-02-25,18.92
South Dakota,,2021-02-26,19.46
South Dakota,,2021-02-27,20.18
South Dakota,,2021-02-28,20.78
South Dakota,,2021-03-01,21.03
South Dakota,,2021-03-02,21.08
South Dakota,,2021-03-03,21.46
South Dakota,,2021-03-04,21.91
South Dakota,,2021-03-05,22.46
South Dakota,,2021-03-06,23.27
South Dakota,,2021-03-07,23.86
South Dakota,,2021-03-08,24.1
South Dakota,,2021-03-09,24.15
Tennessee,,2021-01-12,2.1
Tennessee,,2021-01-13,2.21
Tennessee,,2021-01-14,3.5
Tennessee,,2021-01-15,3.88
Tennessee,,2021-01-19,4.43
Tennessee,,2021-01-20,4.48
Tennessee,,2021-01-21,4.59
Tennessee,,2021-01-22,4.75
Tennessee,,2021-01-23,4.92
Tennessee,,2021-01-24,5.19
Tennessee,,2021-01-25,5.3
Tennessee,,2021-01-26,5.35
Tennessee,,2021-01-27,5.48
Tennessee,,2021-01-28,5.65
Tennessee,,2021-01-29,5.87
Tennessee,,2021-01-30,6.1
Tennessee,,2021-01-31,6.42
Tennessee,,2021-02-01,6.56
Tennessee,,2021-02-02,6.6
Tennessee,,2021-02-03,6.78
Tennessee,,2021-02-04,7
Tennessee,,2021-02-05,7.33
Tennessee,,2021-02-06,7.64
Tennessee,,2021-02-07,7.96
Tennessee,,2021-02-08,8.11
Tennessee,,2021-02-09,8.18
Tennessee,,2021-02-10,8.45
Tennessee,,2021-02-11,8.71
Tennessee,,2021-02-12,9.05
Tennessee,,2021-02-13,9.29
Tennessee,,2021-02-14,9.66
Tennessee,,2021-02-16,9.89
Tennessee,,2021-02-17,9.96
Tennessee,,2021-02-18,10.13
Tennessee,,2021-02-19,10.84
Tennessee,,2021-02-20,10.96
Tennessee,,2021-02-21,11.09
Tennessee,,2021-02-22,11.19
Tennessee,,2021-02-23,11.24
Tennessee,,2021-02-24,11.49
Tennessee,,2021-02-25,11.75
Tennessee,,2021-02-26,12.15
Tennessee,,2021-02-27,12.5
Tennessee,,2021-02-28,13
Tennessee,,2021-03-01,13.37
Tennessee,,2021-03-02,13.49
Tennessee,,2021-03-03,13.96
Tennessee,,2021-03-04,14.29
Tennessee,,2021-03-05,14.66
Tennessee,,2021-03-06,15.03
Tennessee,,2021-03-07,15.42
Tennessee,,2021-03-08,15.5
Tennessee,,2021-03-09,15.58
Texas,,2021-01-12,2.79
Texas,,2021-01-13,2.97
Texas,,2021-01-14,3.16
Texas,,2021-01-15,3.46
Texas,,2021-01-19,4.22
Texas,,2021-01-20,4.42
Texas,,2021-01-21,4.61
Texas,,2021-01-22,4.87
Texas,,2021-01-23,5.09
Texas,,2021-01-24,5.18
Texas,,2021-01-25,5.28
Texas,,2021-01-26,5.57
Texas,,2021-01-27,5.69
Texas,,2021-01-28,5.97
Texas,,2021-01-29,6.22
Texas,,2021-01-30,6.51
Texas,,2021-01-31,6.65
Texas,,2021-02-01,6.87
Texas,,2021-02-02,6.87
Texas,,2021-02-03,7.2
Texas,,2021-02-04,7.52
Texas,,2021-02-05,7.79
Texas,,2021-02-06,8.18
Texas,,2021-02-07,8.5
Texas,,2021-02-08,8.67
Texas,,2021-02-09,8.93
Texas,,2021-02-10,9.22
Texas,,2021-02-11,9.47
Texas,,2021-02-12,9.78
Texas,,2021-02-13,10.01
Texas,,2021-02-14,10.24
Texas,,2021-02-16,10.48
Texas,,2021-02-17,10.55
Texas,,2021-02-18,10.59
Texas,,2021-02-19,11.06
Texas,,2021-02-20,11.18
Texas,,2021-02-21,11.27
Texas,,2021-02-22,11.31
Texas,,2021-02-23,11.42
Texas,,2021-02-24,11.6
Texas,,2021-02-25,11.84
Texas,,2021-02-26,12.11
Texas,,2021-02-27,12.35
Texas,,2021-02-28,12.67
Texas,,2021-03-01,12.69
Texas,,2021-03-02,13.39
Texas,,2021-03-03,13.8
Texas,,2021-03-04,14.18
Texas,,2021-03-05,14.68
Texas,,2021-03-06,15.21
Texas,,2021-03-07,15.46
Texas,,2021-03-08,15.2
Texas,,2021-03-09,15.78
United States,USA,2021-01-12,2.23
United States,USA,2021-01-13,2.41
United States,USA,2021-01-14,2.92
United States,USA,2021-01-15,3.19
United States,USA,2021-01-19,4.1
United States,USA,2021-01-20,4.3
United States,USA,2021-01-21,4.53
United States,USA,2021-01-22,4.89
United States,USA,2021-01-23,5.24
United States,USA,2021-01-24,5.57
United States,USA,2021-01-25,5.8
United States,USA,2021-01-26,5.99
United States,USA,2021-01-27,6.23
United States,USA,2021-01-28,6.54
United States,USA,2021-01-29,6.89
United States,USA,2021-01-30,7.25
United States,USA,2021-01-31,7.59
United States,USA,2021-02-01,7.84
United States,USA,2021-02-02,7.96
United States,USA,2021-02-03,8.18
United States,USA,2021-02-04,8.41
United States,USA,2021-02-05,8.71
United States,USA,2021-02-06,9.11
United States,USA,2021-02-07,9.51
United States,USA,2021-02-08,9.74
United States,USA,2021-02-09,9.9
United States,USA,2021-02-10,10.18
United States,USA,2021-02-11,10.46
United States,USA,2021-02-12,10.79
United States,USA,2021-02-13,11.16
United States,USA,2021-02-14,11.53
United States,USA,2021-02-16,11.95
United States,USA,2021-02-17,12.13
United States,USA,2021-02-18,12.36
United States,USA,2021-02-19,12.64
United States,USA,2021-02-20,12.89
United States,USA,2021-02-21,13.14
United States,USA,2021-02-22,13.29
United States,USA,2021-02-23,13.42
United States,USA,2021-02-24,13.63
United States,USA,2021-02-25,13.88
United States,USA,2021-02-26,14.21
United States,USA,2021-02-27,14.59
United States,USA,2021-02-28,14.99
United States,USA,2021-03-01,15.28
United States,USA,2021-03-02,15.59
United States,USA,2021-03-03,15.92
United States,USA,2021-03-04,16.28
United States,USA,2021-03-05,16.73
United States,USA,2021-03-06,17.28
United States,USA,2021-03-07,17.73
United States,USA,2021-03-08,18.07
United States,USA,2021-03-09,18.4
Utah,,2021-01-12,2.83
Utah,,2021-01-13,3.06
Utah,,2021-01-14,3.24
Utah,,2021-01-15,3.57
Utah,,2021-01-19,4.49
Utah,,2021-01-20,4.98
Utah,,2021-01-21,5.19
Utah,,2021-01-22,5.47
Utah,,2021-01-23,5.47
Utah,,2021-01-24,5.47
Utah,,2021-01-25,6.09
Utah,,2021-01-26,6.13
Utah,,2021-01-27,6.27
Utah,,2021-01-28,6.27
Utah,,2021-01-29,6.85
Utah,,2021-01-30,7.1
Utah,,2021-01-31,7.1
Utah,,2021-02-01,7.63
Utah,,2021-02-02,7.66
Utah,,2021-02-03,7.66
Utah,,2021-02-04,8.07
Utah,,2021-02-05,8.46
Utah,,2021-02-06,8.87
Utah,,2021-02-07,8.87
Utah,,2021-02-08,9.51
Utah,,2021-02-09,9.58
Utah,,2021-02-10,9.58
Utah,,2021-02-11,9.58
Utah,,2021-02-12,9.58
Utah,,2021-02-13,9.58
Utah,,2021-02-14,9.58
Utah,,2021-02-16,9.82
Utah,,2021-02-17,9.82
Utah,,2021-02-18,10.07
Utah,,2021-02-19,10.7
Utah,,2021-02-20,11.11
Utah,,2021-02-21,11.12
Utah,,2021-02-22,11.12
Utah,,2021-02-23,11.12
Utah,,2021-02-24,11.36
Utah,,2021-02-25,11.8
Utah,,2021-02-26,11.81
Utah,,2021-02-27,12.22
Utah,,2021-02-28,12.23
Utah,,2021-03-01,12.23
Utah,,2021-03-02,12.68
Utah,,2021-03-03,13.19
Utah,,2021-03-04,13.2
Utah,,2021-03-05,14.27
Utah,,2021-03-06,15.09
Utah,,2021-03-07,15.1
Utah,,2021-03-08,15.07
Utah,,2021-03-09,15.99
Vermont,,2021-01-14,4.26
Vermont,,2021-01-15,4.54
Vermont,,2021-01-19,5.52
Vermont,,2021-01-20,5.55
Vermont,,2021-01-21,5.81
Vermont,,2021-01-22,6.16
Vermont,,2021-01-23,6.49
Vermont,,2021-01-24,6.72
Vermont,,2021-01-25,6.95
Vermont,,2021-01-26,7.05
Vermont,,2021-01-27,7.13
Vermont,,2021-01-28,7.43
Vermont,,2021-01-29,7.61
Vermont,,2021-01-30,7.77
Vermont,,2021-01-31,8.1
Vermont,,2021-02-01,8.65
Vermont,,2021-02-02,8.81
Vermont,,2021-02-03,8.87
Vermont,,2021-02-04,9.01
Vermont,,2021-02-05,9.2
Vermont,,2021-02-06,9.4
Vermont,,2021-02-07,9.75
Vermont,,2021-02-08,10.1
Vermont,,2021-02-09,10.4
Vermont,,2021-02-10,10.51
Vermont,,2021-02-11,10.74
Vermont,,2021-02-12,11
Vermont,,2021-02-13,11.27
Vermont,,2021-02-14,11.72
Vermont,,2021-02-16,12.5
Vermont,,2021-02-17,12.63
Vermont,,2021-02-18,12.76
Vermont,,2021-02-19,13.88
Vermont,,2021-02-20,14.24
Vermont,,2021-02-21,14.73
Vermont,,2021-02-22,15.14
Vermont,,2021-02-23,15.42
Vermont,,2021-02-24,15.55
Vermont,,2021-02-25,15.79
Vermont,,2021-02-26,16.19
Vermont,,2021-02-27,16.66
Vermont,,2021-02-28,17.16
Vermont,,2021-03-01,17.59
Vermont,,2021-03-02,17.91
Vermont,,2021-03-03,18.08
Vermont,,2021-03-04,18.34
Vermont,,2021-03-05,18.82
Vermont,,2021-03-06,19.37
Vermont,,2021-03-07,20.11
Vermont,,2021-03-08,20.35
Vermont,,2021-03-09,20.91
Virgin Islands,,2021-01-14,1.21
Virgin Islands,,2021-01-15,1.41
Virgin Islands,,2021-01-19,1.88
Virgin Islands,,2021-01-20,2.08
Virgin Islands,,2021-01-21,2.34
Virgin Islands,,2021-01-22,2.58
Virgin Islands,,2021-01-23,2.81
Virgin Islands,,2021-01-24,2.84
Virgin Islands,,2021-01-25,2.85
Virgin Islands,,2021-01-26,3.11
Virgin Islands,,2021-01-27,3.38
Virgin Islands,,2021-01-28,3.73
Virgin Islands,,2021-01-29,4.17
Virgin Islands,,2021-01-30,4.68
Virgin Islands,,2021-01-31,4.7
Virgin Islands,,2021-02-01,4.8
Virgin Islands,,2021-02-02,5.2
Virgin Islands,,2021-02-03,5.64
Virgin Islands,,2021-02-04,5.96
Virgin Islands,,2021-02-05,6.37
Virgin Islands,,2021-02-06,6.65
Virgin Islands,,2021-02-07,6.66
Virgin Islands,,2021-02-08,6.7
Virgin Islands,,2021-02-09,6.99
Virgin Islands,,2021-02-10,7.41
Virgin Islands,,2021-02-11,7.68
Virgin Islands,,2021-02-12,8.03
Virgin Islands,,2021-02-13,8.26
Virgin Islands,,2021-02-14,8.34
Virgin Islands,,2021-02-16,8.41
Virgin Islands,,2021-02-17,8.89
Virgin Islands,,2021-02-18,9.05
Virgin Islands,,2021-02-19,9.93
Virgin Islands,,2021-02-20,10.55
Virgin Islands,,2021-02-21,10.74
Virgin Islands,,2021-02-22,10.74
Virgin Islands,,2021-02-23,11.15
Virgin Islands,,2021-02-24,11.41
Virgin Islands,,2021-02-25,11.57
Virgin Islands,,2021-02-26,12.05
Virgin Islands,,2021-02-27,12.17
Virgin Islands,,2021-02-28,12.34
Virgin Islands,,2021-03-01,12.35
Virgin Islands,,2021-03-02,12.49
Virgin Islands,,2021-03-03,12.69
Virgin Islands,,2021-03-04,13.77
Virgin Islands,,2021-03-05,14.22
Virgin Islands,,2021-03-06,14.69
Virgin Islands,,2021-03-07,14.7
Virgin Islands,,2021-03-08,14.38
Virgin Islands,,2021-03-09,14.89
Virginia,,2021-01-14,2.26
Virginia,,2021-01-15,2.52
Virginia,,2021-01-19,3.4
Virginia,,2021-01-20,3.56
Virginia,,2021-01-21,3.75
Virginia,,2021-01-22,4.15
Virginia,,2021-01-23,4.41
Virginia,,2021-01-24,4.61
Virginia,,2021-01-25,4.87
Virginia,,2021-01-26,5.82
Virginia,,2021-01-27,6.14
Virginia,,2021-01-28,6.48
Virginia,,2021-01-29,7.02
Virginia,,2021-01-30,7.6
Virginia,,2021-01-31,8.06
Virginia,,2021-02-01,8.41
Virginia,,2021-02-02,8.69
Virginia,,2021-02-03,8.88
Virginia,,2021-02-04,9.07
Virginia,,2021-02-05,9.44
Virginia,,2021-02-06,9.87
Virginia,,2021-02-07,10.26
Virginia,,2021-02-08,10.51
Virginia,,2021-02-09,10.68
Virginia,,2021-02-10,10.84
Virginia,,2021-02-11,11.07
Virginia,,2021-02-12,11.38
Virginia,,2021-02-13,11.64
Virginia,,2021-02-14,11.77
Virginia,,2021-02-16,12.26
Virginia,,2021-02-17,12.42
Virginia,,2021-02-18,12.61
Virginia,,2021-02-19,13.52
Virginia,,2021-02-20,13.62
Virginia,,2021-02-21,13.74
Virginia,,2021-02-22,13.86
Virginia,,2021-02-23,14.03
Virginia,,2021-02-24,14.21
Virginia,,2021-02-25,14.41
Virginia,,2021-02-26,14.73
Virginia,,2021-02-27,15.3
Virginia,,2021-02-28,15.66
Virginia,,2021-03-01,16.02
Virginia,,2021-03-02,16.28
Virginia,,2021-03-03,16.62
Virginia,,2021-03-04,17.05
Virginia,,2021-03-05,17.45
Virginia,,2021-03-06,17.79
Virginia,,2021-03-07,18.19
Virginia,,2021-03-08,18.65
Virginia,,2021-03-09,19.25
Washington,,2021-01-12,2.13
Washington,,2021-01-13,2.23
Washington,,2021-01-14,2.46
Washington,,2021-01-15,2.64
Washington,,2021-01-19,3.49
Washington,,2021-01-20,3.76
Washington,,2021-01-21,4.03
Washington,,2021-01-22,4.34
Washington,,2021-01-23,4.72
Washington,,2021-01-24,4.86
Washington,,2021-01-25,5.31
Washington,,2021-01-26,5.53
Washington,,2021-01-27,5.8
Washington,,2021-01-28,6.15
Washington,,2021-01-29,6.51
Washington,,2021-01-30,6.89
Washington,,2021-01-31,7.29
Washington,,2021-02-01,7.65
Washington,,2021-02-02,7.87
Washington,,2021-02-03,8.09
Washington,,2021-02-04,8.38
Washington,,2021-02-05,8.65
Washington,,2021-02-06,8.99
Washington,,2021-02-07,9.31
Washington,,2021-02-08,9.61
Washington,,2021-02-09,9.72
Washington,,2021-02-10,10.25
Washington,,2021-02-11,10.47
Washington,,2021-02-12,10.76
Washington,,2021-02-13,11.09
Washington,,2021-02-14,11.44
Washington,,2021-02-16,11.69
Washington,,2021-02-17,11.8
Washington,,2021-02-18,12
Washington,,2021-02-19,12.9
Washington,,2021-02-20,13.16
Washington,,2021-02-21,13.35
Washington,,2021-02-22,13.5
Washington,,2021-02-23,13.57
Washington,,2021-02-24,13.68
Washington,,2021-02-25,13.92
Washington,,2021-02-26,14.16
Washington,,2021-02-27,14.47
Washington,,2021-02-28,14.85
Washington,,2021-03-01,15.27
Washington,,2021-03-02,15.53
Washington,,2021-03-03,15.84
Washington,,2021-03-04,16.27
Washington,,2021-03-05,16.7
Washington,,2021-03-06,17.29
Washington,,2021-03-07,17.89
Washington,,2021-03-08,18.53
Washington,,2021-03-09,18.87
West Virginia,,2021-01-14,5.53
West Virginia,,2021-01-15,6.31
West Virginia,,2021-01-19,7.19
West Virginia,,2021-01-20,7.42
West Virginia,,2021-01-21,7.59
West Virginia,,2021-01-22,8.11
West Virginia,,2021-01-23,8.75
West Virginia,,2021-01-24,9.14
West Virginia,,2021-01-25,9.18
West Virginia,,2021-01-26,9.36
West Virginia,,2021-01-27,9.47
West Virginia,,2021-01-28,9.7
West Virginia,,2021-01-29,10.15
West Virginia,,2021-01-30,10.67
West Virginia,,2021-01-31,10.75
West Virginia,,2021-02-01,10.77
West Virginia,,2021-02-02,10.84
West Virginia,,2021-02-03,10.89
West Virginia,,2021-02-04,11.04
West Virginia,,2021-02-05,11.37
West Virginia,,2021-02-06,11.96
West Virginia,,2021-02-07,12.14
West Virginia,,2021-02-08,12.18
West Virginia,,2021-02-09,12.26
West Virginia,,2021-02-10,12.4
West Virginia,,2021-02-11,12.63
West Virginia,,2021-02-12,12.87
West Virginia,,2021-02-13,13.52
West Virginia,,2021-02-14,13.82
West Virginia,,2021-02-16,14
West Virginia,,2021-02-17,14.04
West Virginia,,2021-02-18,14.22
West Virginia,,2021-02-19,15.58
West Virginia,,2021-02-20,16.08
West Virginia,,2021-02-21,16.2
West Virginia,,2021-02-22,16.25
West Virginia,,2021-02-23,16.4
West Virginia,,2021-02-24,16.49
West Virginia,,2021-02-25,16.75
West Virginia,,2021-02-26,17.2
West Virginia,,2021-02-27,17.87
West Virginia,,2021-02-28,17.99
West Virginia,,2021-03-01,18.04
West Virginia,,2021-03-02,18.13
West Virginia,,2021-03-03,18.27
West Virginia,,2021-03-04,18.73
West Virginia,,2021-03-05,19.54
West Virginia,,2021-03-06,20.27
West Virginia,,2021-03-07,20.54
West Virginia,,2021-03-08,20.31
West Virginia,,2021-03-09,20.48
Wisconsin,,2021-01-12,2.16
Wisconsin,,2021-01-13,2.16
Wisconsin,,2021-01-14,2.33
Wisconsin,,2021-01-15,2.6
Wisconsin,,2021-01-19,3.23
Wisconsin,,2021-01-20,3.32
Wisconsin,,2021-01-21,3.52
Wisconsin,,2021-01-22,3.8
Wisconsin,,2021-01-23,4.15
Wisconsin,,2021-01-24,4.48
Wisconsin,,2021-01-25,4.58
Wisconsin,,2021-01-26,4.6
Wisconsin,,2021-01-27,4.83
Wisconsin,,2021-01-28,5.19
Wisconsin,,2021-01-29,5.83
Wisconsin,,2021-01-30,6.46
Wisconsin,,2021-01-31,7.04
Wisconsin,,2021-02-01,7.38
Wisconsin,,2021-02-02,7.51
Wisconsin,,2021-02-03,7.86
Wisconsin,,2021-02-04,7.87
Wisconsin,,2021-02-05,8.45
Wisconsin,,2021-02-06,8.95
Wisconsin,,2021-02-07,9.99
Wisconsin,,2021-02-08,10.23
Wisconsin,,2021-02-09,10.31
Wisconsin,,2021-02-10,10.64
Wisconsin,,2021-02-11,10.99
Wisconsin,,2021-02-12,11.41
Wisconsin,,2021-02-13,11.84
Wisconsin,,2021-02-14,12.19
Wisconsin,,2021-02-16,12.66
Wisconsin,,2021-02-17,12.85
Wisconsin,,2021-02-18,13.09
Wisconsin,,2021-02-19,14.06
Wisconsin,,2021-02-20,14.45
Wisconsin,,2021-02-21,14.74
Wisconsin,,2021-02-22,14.89
Wisconsin,,2021-02-23,14.94
Wisconsin,,2021-02-24,15.08
Wisconsin,,2021-02-25,15.27
Wisconsin,,2021-02-26,15.59
Wisconsin,,2021-02-27,16.07
Wisconsin,,2021-02-28,16.43
Wisconsin,,2021-03-01,16.65
Wisconsin,,2021-03-02,16.87
Wisconsin,,2021-03-03,17.18
Wisconsin,,2021-03-04,17.57
Wisconsin,,2021-03-05,18.18
Wisconsin,,2021-03-06,18.85
Wisconsin,,2021-03-07,19.35
Wisconsin,,2021-03-08,19.76
Wisconsin,,2021-03-09,19.84
Wyoming,,2021-01-12,2.35
Wyoming,,2021-01-13,2.49
Wyoming,,2021-01-14,2.99
Wyoming,,2021-01-15,3.44
Wyoming,,2021-01-19,4.28
Wyoming,,2021-01-20,4.46
Wyoming,,2021-01-21,4.46
Wyoming,,2021-01-22,5.18
Wyoming,,2021-01-23,5.66
Wyoming,,2021-01-24,6.2
Wyoming,,2021-01-25,6.26
Wyoming,,2021-01-26,6.29
Wyoming,,2021-01-27,6.56
Wyoming,,2021-01-28,6.56
Wyoming,,2021-01-29,7.16
Wyoming,,2021-01-30,7.16
Wyoming,,2021-01-31,8.23
Wyoming,,2021-02-01,8.32
Wyoming,,2021-02-02,8.34
Wyoming,,2021-02-03,8.53
Wyoming,,2021-02-04,8.53
Wyoming,,2021-02-05,9.27
Wyoming,,2021-02-06,9.69
Wyoming,,2021-02-07,9.69
Wyoming,,2021-02-08,10.16
Wyoming,,2021-02-09,10.16
Wyoming,,2021-02-10,10.57
Wyoming,,2021-02-11,10.57
Wyoming,,2021-02-12,11.38
Wyoming,,2021-02-13,11.38
Wyoming,,2021-02-14,12.38
Wyoming,,2021-02-16,12.5
Wyoming,,2021-02-17,12.5
Wyoming,,2021-02-18,12.96
Wyoming,,2021-02-19,15.08
Wyoming,,2021-02-20,15.44
Wyoming,,2021-02-21,15.48
Wyoming,,2021-02-22,15.88
Wyoming,,2021-02-23,15.92
Wyoming,,2021-02-24,15.93
Wyoming,,2021-02-25,16.29
Wyoming,,2021-02-26,16.6
Wyoming,,2021-02-27,17.02
Wyoming,,2021-02-28,17.43
Wyoming,,2021-03-01,17.43
Wyoming,,2021-03-02,17.44
Wyoming,,2021-03-03,18.05
Wyoming,,2021-03-04,18.07
Wyoming,,2021-03-05,18.31
Wyoming,,2021-03-06,19.29
Wyoming,,2021-03-07,19.34
Wyoming,,2021-03-08,19.84
Wyoming,,2021-03-09,19.88